rule_name,rule_label,entry_offset_bars,horizon_days,signal_date,signal_time,signal_price,entry_time,entry_date,entry_price,exit_date,exit_price,return_pct,mae_pct,max_drawdown_pct
intraday_weak_late_low,盘中弱势低位-低点偏晚,1,3,20250527,20250527130500,3.737,20250527131000,20250527,3.737,20250529,3.7615,0.006556,-0.002676,-0.010616
intraday_weak_late_low,盘中弱势低位-低点偏晚,1,5,20250527,20250527130500,3.737,20250527131000,20250527,3.737,20250603,3.7535,0.004415,-0.004282,-0.012473
intraday_weak_late_low,盘中弱势低位-低点偏晚,1,10,20250527,20250527130500,3.737,20250527131000,20250527,3.737,20250610,3.7775,0.010838,-0.004282,-0.013688
intraday_weak_late_low,盘中弱势低位-低点偏晚,1,20,20250527,20250527130500,3.737,20250527131000,20250527,3.737,20250624,3.82,0.02221,-0.004282,-0.019407
intraday_weak_late_low,盘中弱势低位-低点偏晚,2,3,20250527,20250527130500,3.737,20250527131500,20250527,3.74,20250529,3.7615,0.005749,-0.003476,-0.010616
intraday_weak_late_low,盘中弱势低位-低点偏晚,2,5,20250527,20250527130500,3.737,20250527131500,20250527,3.74,20250603,3.7535,0.00361,-0.00508,-0.012473
intraday_weak_late_low,盘中弱势低位-低点偏晚,2,10,20250527,20250527130500,3.737,20250527131500,20250527,3.74,20250610,3.7775,0.010027,-0.00508,-0.013688
intraday_weak_late_low,盘中弱势低位-低点偏晚,2,20,20250527,20250527130500,3.737,20250527131500,20250527,3.74,20250624,3.82,0.02139,-0.00508,-0.019407
intraday_weak_late_low,盘中弱势低位-低点偏晚,3,3,20250527,20250527130500,3.737,20250527132000,20250527,3.737,20250529,3.7615,0.006556,-0.002676,-0.010616
intraday_weak_late_low,盘中弱势低位-低点偏晚,3,5,20250527,20250527130500,3.737,20250527132000,20250527,3.737,20250603,3.7535,0.004415,-0.004282,-0.012473
intraday_weak_late_low,盘中弱势低位-低点偏晚,3,10,20250527,20250527130500,3.737,20250527132000,20250527,3.737,20250610,3.7775,0.010838,-0.004282,-0.013688
intraday_weak_late_low,盘中弱势低位-低点偏晚,3,20,20250527,20250527130500,3.737,20250527132000,20250527,3.737,20250624,3.82,0.02221,-0.004282,-0.019407
intraday_weak_late_low,盘中弱势低位-低点偏晚,1,3,20250801,20250801130500,4.017,20250801131000,20250801,4.018,20250805,4.061,0.010702,-0.005973,-0.011141
intraday_weak_late_low,盘中弱势低位-低点偏晚,1,5,20250801,20250801130500,4.017,20250801131000,20250801,4.018,20250807,4.0785,0.015057,-0.005973,-0.011141
intraday_weak_late_low,盘中弱势低位-低点偏晚,1,10,20250801,20250801130500,4.017,20250801131000,20250801,4.018,20250814,4.1565,0.03447,-0.005973,-0.013158
intraday_weak_late_low,盘中弱势低位-低点偏晚,1,20,20250801,20250801130500,4.017,20250801131000,20250801,4.018,20250828,4.437,0.104281,-0.005973,-0.029807
intraday_weak_late_low,盘中弱势低位-低点偏晚,2,3,20250801,20250801130500,4.017,20250801131500,20250801,4.016,20250805,4.061,0.011205,-0.005478,-0.011141
intraday_weak_late_low,盘中弱势低位-低点偏晚,2,5,20250801,20250801130500,4.017,20250801131500,20250801,4.016,20250807,4.0785,0.015563,-0.005478,-0.011141
intraday_weak_late_low,盘中弱势低位-低点偏晚,2,10,20250801,20250801130500,4.017,20250801131500,20250801,4.016,20250814,4.1565,0.034985,-0.005478,-0.013158
intraday_weak_late_low,盘中弱势低位-低点偏晚,2,20,20250801,20250801130500,4.017,20250801131500,20250801,4.016,20250828,4.437,0.104831,-0.005478,-0.029807
intraday_weak_late_low,盘中弱势低位-低点偏晚,3,3,20250801,20250801130500,4.017,20250801132000,20250801,4.01,20250805,4.061,0.012718,-0.00399,-0.011141
intraday_weak_late_low,盘中弱势低位-低点偏晚,3,5,20250801,20250801130500,4.017,20250801132000,20250801,4.01,20250807,4.0785,0.017082,-0.00399,-0.011141
intraday_weak_late_low,盘中弱势低位-低点偏晚,3,10,20250801,20250801130500,4.017,20250801132000,20250801,4.01,20250814,4.1565,0.036534,-0.00399,-0.013158
intraday_weak_late_low,盘中弱势低位-低点偏晚,3,20,20250801,20250801130500,4.017,20250801132000,20250801,4.01,20250828,4.437,0.106484,-0.00399,-0.029807
intraday_weak_late_low,盘中弱势低位-低点偏晚,1,3,20251020,20251020140500,4.514,20251020141000,20251020,4.514,20251022,4.5785,0.014289,-0.00288,-0.015435
intraday_weak_late_low,盘中弱势低位-低点偏晚,1,5,20251020,20251020140500,4.514,20251020141000,20251020,4.514,20251024,4.648,0.029685,-0.00288,-0.017609
intraday_weak_late_low,盘中弱势低位-低点偏晚,1,10,20251020,20251020140500,4.514,20251020141000,20251020,4.514,20251031,4.668,0.034116,-0.00288,-0.025047
intraday_weak_late_low,盘中弱势低位-低点偏晚,1,20,20251020,20251020140500,4.514,20251020141000,20251020,4.514,20251114,4.6455,0.029132,-0.00288,-0.043359
intraday_weak_late_low,盘中弱势低位-低点偏晚,2,3,20251020,20251020140500,4.514,20251020141500,20251020,4.51,20251022,4.5785,0.015188,-0.001996,-0.015435
intraday_weak_late_low,盘中弱势低位-低点偏晚,2,5,20251020,20251020140500,4.514,20251020141500,20251020,4.51,20251024,4.648,0.030599,-0.001996,-0.017609
intraday_weak_late_low,盘中弱势低位-低点偏晚,2,10,20251020,20251020140500,4.514,20251020141500,20251020,4.51,20251031,4.668,0.035033,-0.001996,-0.025047
intraday_weak_late_low,盘中弱势低位-低点偏晚,2,20,20251020,20251020140500,4.514,20251020141500,20251020,4.51,20251114,4.6455,0.030044,-0.001996,-0.043359
intraday_weak_late_low,盘中弱势低位-低点偏晚,3,3,20251020,20251020140500,4.514,20251020142000,20251020,4.511,20251022,4.5785,0.014963,-0.002217,-0.015435
intraday_weak_late_low,盘中弱势低位-低点偏晚,3,5,20251020,20251020140500,4.514,20251020142000,20251020,4.511,20251024,4.648,0.03037,-0.002217,-0.017609
intraday_weak_late_low,盘中弱势低位-低点偏晚,3,10,20251020,20251020140500,4.514,20251020142000,20251020,4.511,20251031,4.668,0.034804,-0.002217,-0.025047
intraday_weak_late_low,盘中弱势低位-低点偏晚,3,20,20251020,20251020140500,4.514,20251020142000,20251020,4.511,20251114,4.6455,0.029816,-0.002217,-0.043359
intraday_weak_late_low,盘中弱势低位-低点偏晚,1,3,20251118,20251118131500,4.562,20251118132000,20251118,4.562,20251120,4.5795,0.003836,-0.004603,-0.012158
intraday_weak_late_low,盘中弱势低位-低点偏晚,1,5,20251118,20251118131500,4.562,20251118132000,20251118,4.562,20251124,4.448,-0.024989,-0.033319,-0.042553
intraday_weak_late_low,盘中弱势低位-低点偏晚,1,10,20251118,20251118131500,4.562,20251118132000,20251118,4.562,20251201,4.5645,0.000548,-0.033319,-0.042553
intraday_weak_late_low,盘中弱势低位-低点偏晚,1,20,20251118,20251118131500,4.562,20251118132000,20251118,4.562,20251215,4.5665,0.000986,-0.033319,-0.044051
intraday_weak_late_low,盘中弱势低位-低点偏晚,2,3,20251118,20251118131500,4.562,20251118132500,20251118,4.564,20251120,4.5795,0.003396,-0.005039,-0.012158
intraday_weak_late_low,盘中弱势低位-低点偏晚,2,5,20251118,20251118131500,4.562,20251118132500,20251118,4.564,20251124,4.448,-0.025416,-0.033742,-0.042553
intraday_weak_late_low,盘中弱势低位-低点偏晚,2,10,20251118,20251118131500,4.562,20251118132500,20251118,4.564,20251201,4.5645,0.00011,-0.033742,-0.042553
intraday_weak_late_low,盘中弱势低位-低点偏晚,2,20,20251118,20251118131500,4.562,20251118132500,20251118,4.564,20251215,4.5665,0.000548,-0.033742,-0.044051
intraday_weak_late_low,盘中弱势低位-低点偏晚,3,3,20251118,20251118131500,4.562,20251118133000,20251118,4.561,20251120,4.5795,0.004056,-0.004385,-0.012158
intraday_weak_late_low,盘中弱势低位-低点偏晚,3,5,20251118,20251118131500,4.562,20251118133000,20251118,4.561,20251124,4.448,-0.024775,-0.033107,-0.042553
intraday_weak_late_low,盘中弱势低位-低点偏晚,3,10,20251118,20251118131500,4.562,20251118133000,20251118,4.561,20251201,4.5645,0.000767,-0.033107,-0.042553
intraday_weak_late_low,盘中弱势低位-低点偏晚,3,20,20251118,20251118131500,4.562,20251118133000,20251118,4.561,20251215,4.5665,0.001206,-0.033107,-0.044051
intraday_weak_late_low,盘中弱势低位-低点偏晚,1,3,20251120,20251120133000,4.584,20251120133500,20251120,4.584,20251124,4.448,-0.029668,-0.037958,-0.042553
intraday_weak_late_low,盘中弱势低位-低点偏晚,1,5,20251120,20251120133000,4.584,20251120133500,20251120,4.584,20251126,4.513,-0.015489,-0.037958,-0.042553
intraday_weak_late_low,盘中弱势低位-低点偏晚,1,10,20251120,20251120133000,4.584,20251120133500,20251120,4.584,20251203,4.5415,-0.009271,-0.037958,-0.042553
intraday_weak_late_low,盘中弱势低位-低点偏晚,1,20,20251120,20251120133000,4.584,20251120133500,20251120,4.584,20251217,4.584,0.0,-0.037958,-0.044051
intraday_weak_late_low,盘中弱势低位-低点偏晚,2,3,20251120,20251120133000,4.584,20251120134000,20251120,4.582,20251124,4.448,-0.029245,-0.037538,-0.042553
intraday_weak_late_low,盘中弱势低位-低点偏晚,2,5,20251120,20251120133000,4.584,20251120134000,20251120,4.582,20251126,4.513,-0.015059,-0.037538,-0.042553
intraday_weak_late_low,盘中弱势低位-低点偏晚,2,10,20251120,20251120133000,4.584,20251120134000,20251120,4.582,20251203,4.5415,-0.008839,-0.037538,-0.042553
intraday_weak_late_low,盘中弱势低位-低点偏晚,2,20,20251120,20251120133000,4.584,20251120134000,20251120,4.582,20251217,4.584,0.000436,-0.037538,-0.044051
intraday_weak_late_low,盘中弱势低位-低点偏晚,3,3,20251120,20251120133000,4.584,20251120134500,20251120,4.576,20251124,4.448,-0.027972,-0.036276,-0.042553
intraday_weak_late_low,盘中弱势低位-低点偏晚,3,5,20251120,20251120133000,4.584,20251120134500,20251120,4.576,20251126,4.513,-0.013767,-0.036276,-0.042553
intraday_weak_late_low,盘中弱势低位-低点偏晚,3,10,20251120,20251120133000,4.584,20251120134500,20251120,4.576,20251203,4.5415,-0.007539,-0.036276,-0.042553
intraday_weak_late_low,盘中弱势低位-低点偏晚,3,20,20251120,20251120133000,4.584,20251120134500,20251120,4.576,20251217,4.584,0.001748,-0.036276,-0.044051
intraday_weak_late_low,盘中弱势低位-低点偏晚,1,3,20251121,20251121144500,4.446,20251121145000,20251121,4.445,20251125,4.487,0.009449,-0.007874,-0.026705
intraday_weak_late_low,盘中弱势低位-低点偏晚,1,5,20251121,20251121144500,4.446,20251121145000,20251121,4.445,20251127,4.525,0.017998,-0.007874,-0.026705
intraday_weak_late_low,盘中弱势低位-低点偏晚,1,10,20251121,20251121144500,4.446,20251121145000,20251121,4.445,20251204,4.541,0.021597,-0.007874,-0.026705
intraday_weak_late_low,盘中弱势低位-低点偏晚,1,20,20251121,20251121144500,4.446,20251121145000,20251121,4.445,20251218,4.557,0.025197,-0.007874,-0.044051
intraday_weak_late_low,盘中弱势低位-低点偏晚,2,3,20251121,20251121144500,4.446,20251121145500,20251121,4.45,20251125,4.487,0.008315,-0.008989,-0.026705
intraday_weak_late_low,盘中弱势低位-低点偏晚,2,5,20251121,20251121144500,4.446,20251121145500,20251121,4.45,20251127,4.525,0.016854,-0.008989,-0.026705
intraday_weak_late_low,盘中弱势低位-低点偏晚,2,10,20251121,20251121144500,4.446,20251121145500,20251121,4.45,20251204,4.541,0.020449,-0.008989,-0.026705
intraday_weak_late_low,盘中弱势低位-低点偏晚,2,20,20251121,20251121144500,4.446,20251121145500,20251121,4.45,20251218,4.557,0.024045,-0.008989,-0.044051
intraday_weak_late_low,盘中弱势低位-低点偏晚,3,3,20251121,20251121144500,4.446,20251121150000,20251121,4.443,20251125,4.487,0.009903,-0.007427,-0.026705
intraday_weak_late_low,盘中弱势低位-低点偏晚,3,5,20251121,20251121144500,4.446,20251121150000,20251121,4.443,20251127,4.525,0.018456,-0.007427,-0.026705
intraday_weak_late_low,盘中弱势低位-低点偏晚,3,10,20251121,20251121144500,4.446,20251121150000,20251121,4.443,20251204,4.541,0.022057,-0.007427,-0.026705
intraday_weak_late_low,盘中弱势低位-低点偏晚,3,20,20251121,20251121144500,4.446,20251121150000,20251121,4.443,20251218,4.557,0.025658,-0.007427,-0.044051
intraday_weak_late_low,盘中弱势低位-低点偏晚,1,3,20251124,20251124130500,4.421,20251124131000,20251124,4.42,20251126,4.513,0.021041,-0.002262,-0.011654
intraday_weak_late_low,盘中弱势低位-低点偏晚,1,5,20251124,20251124130500,4.421,20251124131000,20251124,4.42,20251128,4.5155,0.021606,-0.002262,-0.015601
intraday_weak_late_low,盘中弱势低位-低点偏晚,1,10,20251124,20251124130500,4.421,20251124131000,20251124,4.42,20251205,4.581,0.036425,-0.002262,-0.015601
intraday_weak_late_low,盘中弱势低位-低点偏晚,1,20,20251124,20251124130500,4.421,20251124131000,20251124,4.42,20251219,4.578,0.035747,-0.002262,-0.044051
intraday_weak_late_low,盘中弱势低位-低点偏晚,2,3,20251124,20251124130500,4.421,20251124131500,20251124,4.422,20251126,4.513,0.020579,-0.002714,-0.011654
intraday_weak_late_low,盘中弱势低位-低点偏晚,2,5,20251124,20251124130500,4.421,20251124131500,20251124,4.422,20251128,4.5155,0.021144,-0.002714,-0.015601
intraday_weak_late_low,盘中弱势低位-低点偏晚,2,10,20251124,20251124130500,4.421,20251124131500,20251124,4.422,20251205,4.581,0.035957,-0.002714,-0.015601
intraday_weak_late_low,盘中弱势低位-低点偏晚,2,20,20251124,20251124130500,4.421,20251124131500,20251124,4.422,20251219,4.578,0.035278,-0.002714,-0.044051
intraday_weak_late_low,盘中弱势低位-低点偏晚,3,3,20251124,20251124130500,4.421,20251124132000,20251124,4.429,20251126,4.513,0.018966,-0.00429,-0.011654
intraday_weak_late_low,盘中弱势低位-低点偏晚,3,5,20251124,20251124130500,4.421,20251124132000,20251124,4.429,20251128,4.5155,0.01953,-0.00429,-0.015601
intraday_weak_late_low,盘中弱势低位-低点偏晚,3,10,20251124,20251124130500,4.421,20251124132000,20251124,4.429,20251205,4.581,0.034319,-0.00429,-0.015601
intraday_weak_late_low,盘中弱势低位-低点偏晚,3,20,20251124,20251124130500,4.421,20251124132000,20251124,4.429,20251219,4.578,0.033642,-0.00429,-0.044051
intraday_weak_late_low,盘中弱势低位-低点偏晚,1,3,20251127,20251127144000,4.504,20251127144500,20251127,4.505,20251201,4.5645,0.013208,-0.005549,-0.015601
intraday_weak_late_low,盘中弱势低位-低点偏晚,1,5,20251127,20251127144000,4.504,20251127144500,20251127,4.505,20251203,4.5415,0.008102,-0.005549,-0.015601
intraday_weak_late_low,盘中弱势低位-低点偏晚,1,10,20251127,20251127144000,4.504,20251127144500,20251127,4.505,20251210,4.5825,0.017203,-0.005549,-0.02073
intraday_weak_late_low,盘中弱势低位-低点偏晚,1,20,20251127,20251127144000,4.504,20251127144500,20251127,4.505,20251224,4.638,0.029523,-0.017314,-0.044051
intraday_weak_late_low,盘中弱势低位-低点偏晚,2,3,20251127,20251127144000,4.504,20251127145000,20251127,4.503,20251201,4.5645,0.013658,-0.005108,-0.015601
intraday_weak_late_low,盘中弱势低位-低点偏晚,2,5,20251127,20251127144000,4.504,20251127145000,20251127,4.503,20251203,4.5415,0.00855,-0.005108,-0.015601
intraday_weak_late_low,盘中弱势低位-低点偏晚,2,10,20251127,20251127144000,4.504,20251127145000,20251127,4.503,20251210,4.5825,0.017655,-0.005108,-0.02073
intraday_weak_late_low,盘中弱势低位-低点偏晚,2,20,20251127,20251127144000,4.504,20251127145000,20251127,4.503,20251224,4.638,0.02998,-0.016878,-0.044051
intraday_weak_late_low,盘中弱势低位-低点偏晚,3,3,20251127,20251127144000,4.504,20251127145500,20251127,4.499,20251201,4.5645,0.014559,-0.004223,-0.015601
intraday_weak_late_low,盘中弱势低位-低点偏晚,3,5,20251127,20251127144000,4.504,20251127145500,20251127,4.499,20251203,4.5415,0.009447,-0.004223,-0.015601
intraday_weak_late_low,盘中弱势低位-低点偏晚,3,10,20251127,20251127144000,4.504,20251127145500,20251127,4.499,20251210,4.5825,0.01856,-0.004223,-0.02073
intraday_weak_late_low,盘中弱势低位-低点偏晚,3,20,20251127,20251127144000,4.504,20251127145500,20251127,4.499,20251224,4.638,0.030896,-0.016004,-0.044051
intraday_weak_late_low,盘中弱势低位-低点偏晚,1,3,20251216,20251216130500,4.49,20251216131000,20251216,4.49,20251218,4.557,0.014922,-0.002673,-0.021559
intraday_weak_late_low,盘中弱势低位-低点偏晚,1,5,20251216,20251216130500,4.49,20251216131000,20251216,4.49,20251222,4.6095,0.026615,-0.002673,-0.021559
intraday_weak_late_low,盘中弱势低位-低点偏晚,1,10,20251216,20251216130500,4.49,20251216131000,20251216,4.49,20251229,4.6555,0.03686,-0.002673,-0.021559
intraday_weak_late_low,盘中弱势低位-低点偏晚,1,20,20251216,20251216130500,4.49,20251216131000,20251216,4.49,20260114,4.7845,0.06559,-0.002673,-0.025609
intraday_weak_late_low,盘中弱势低位-低点偏晚,2,3,20251216,20251216130500,4.49,20251216131500,20251216,4.49,20251218,4.557,0.014922,-0.002673,-0.021559
intraday_weak_late_low,盘中弱势低位-低点偏晚,2,5,20251216,20251216130500,4.49,20251216131500,20251216,4.49,20251222,4.6095,0.026615,-0.002673,-0.021559
intraday_weak_late_low,盘中弱势低位-低点偏晚,2,10,20251216,20251216130500,4.49,20251216131500,20251216,4.49,20251229,4.6555,0.03686,-0.002673,-0.021559
intraday_weak_late_low,盘中弱势低位-低点偏晚,2,20,20251216,20251216130500,4.49,20251216131500,20251216,4.49,20260114,4.7845,0.06559,-0.002673,-0.025609
intraday_weak_late_low,盘中弱势低位-低点偏晚,3,3,20251216,20251216130500,4.49,20251216132000,20251216,4.492,20251218,4.557,0.01447,-0.003117,-0.021559
intraday_weak_late_low,盘中弱势低位-低点偏晚,3,5,20251216,20251216130500,4.49,20251216132000,20251216,4.492,20251222,4.6095,0.026158,-0.003117,-0.021559
intraday_weak_late_low,盘中弱势低位-低点偏晚,3,10,20251216,20251216130500,4.49,20251216132000,20251216,4.492,20251229,4.6555,0.036398,-0.003117,-0.021559
intraday_weak_late_low,盘中弱势低位-低点偏晚,3,20,20251216,20251216130500,4.49,20251216132000,20251216,4.492,20260114,4.7845,0.065116,-0.003117,-0.025609
intraday_weak_late_low,盘中弱势低位-低点偏晚,1,3,20260122,20260122130500,4.711,20260122131000,20260122,4.711,20260126,4.736,0.005307,-0.005094,-0.015336
intraday_weak_late_low,盘中弱势低位-低点偏晚,1,5,20260122,20260122130500,4.711,20260122131000,20260122,4.711,20260128,4.734,0.004882,-0.006793,-0.017017
intraday_weak_late_low,盘中弱势低位-低点偏晚,1,10,20260122,20260122130500,4.711,20260122131000,20260122,4.711,20260204,4.708,-0.000637,-0.026746,-0.040594
intraday_weak_late_low,盘中弱势低位-低点偏晚,1,20,20260122,20260122130500,4.711,20260122131000,20260122,4.711,20260226,4.7445,0.007111,-0.026746,-0.040594
intraday_weak_late_low,盘中弱势低位-低点偏晚,2,3,20260122,20260122130500,4.711,20260122131500,20260122,4.71,20260126,4.736,0.00552,-0.004883,-0.015336
intraday_weak_late_low,盘中弱势低位-低点偏晚,2,5,20260122,20260122130500,4.711,20260122131500,20260122,4.71,20260128,4.734,0.005096,-0.006582,-0.017017
intraday_weak_late_low,盘中弱势低位-低点偏晚,2,10,20260122,20260122130500,4.711,20260122131500,20260122,4.71,20260204,4.708,-0.000425,-0.026539,-0.040594
intraday_weak_late_low,盘中弱势低位-低点偏晚,2,20,20260122,20260122130500,4.711,20260122131500,20260122,4.71,20260226,4.7445,0.007325,-0.026539,-0.040594
intraday_weak_late_low,盘中弱势低位-低点偏晚,3,3,20260122,20260122130500,4.711,20260122132000,20260122,4.712,20260126,4.736,0.005093,-0.005306,-0.015336
intraday_weak_late_low,盘中弱势低位-低点偏晚,3,5,20260122,20260122130500,4.711,20260122132000,20260122,4.712,20260128,4.734,0.004669,-0.007003,-0.017017
intraday_weak_late_low,盘中弱势低位-低点偏晚,3,10,20260122,20260122130500,4.711,20260122132000,20260122,4.712,20260204,4.708,-0.000849,-0.026952,-0.040594
intraday_weak_late_low,盘中弱势低位-低点偏晚,3,20,20260122,20260122130500,4.711,20260122132000,20260122,4.712,20260226,4.7445,0.006897,-0.026952,-0.040594
intraday_weak_late_low,盘中弱势低位-低点偏晚,1,3,20260123,20260123143500,4.692,20260123144000,20260123,4.691,20260127,4.726,0.007461,-0.002558,-0.017017
intraday_weak_late_low,盘中弱势低位-低点偏晚,1,5,20260123,20260123143500,4.692,20260123144000,20260123,4.691,20260129,4.7735,0.017587,-0.002558,-0.017017
intraday_weak_late_low,盘中弱势低位-低点偏晚,1,10,20260123,20260123143500,4.692,20260123144000,20260123,4.691,20260205,4.687,-0.000853,-0.022596,-0.040594
intraday_weak_late_low,盘中弱势低位-低点偏晚,1,20,20260123,20260123143500,4.692,20260123144000,20260123,4.691,20260227,4.7285,0.007994,-0.022596,-0.040594
intraday_weak_late_low,盘中弱势低位-低点偏晚,2,3,20260123,20260123143500,4.692,20260123144500,20260123,4.691,20260127,4.726,0.007461,-0.002558,-0.017017
intraday_weak_late_low,盘中弱势低位-低点偏晚,2,5,20260123,20260123143500,4.692,20260123144500,20260123,4.691,20260129,4.7735,0.017587,-0.002558,-0.017017
intraday_weak_late_low,盘中弱势低位-低点偏晚,2,10,20260123,20260123143500,4.692,20260123144500,20260123,4.691,20260205,4.687,-0.000853,-0.022596,-0.040594
intraday_weak_late_low,盘中弱势低位-低点偏晚,2,20,20260123,20260123143500,4.692,20260123144500,20260123,4.691,20260227,4.7285,0.007994,-0.022596,-0.040594
intraday_weak_late_low,盘中弱势低位-低点偏晚,3,3,20260123,20260123143500,4.692,20260123145000,20260123,4.704,20260127,4.726,0.004677,-0.005315,-0.017017
intraday_weak_late_low,盘中弱势低位-低点偏晚,3,5,20260123,20260123143500,4.692,20260123145000,20260123,4.704,20260129,4.7735,0.014775,-0.005315,-0.017017
intraday_weak_late_low,盘中弱势低位-低点偏晚,3,10,20260123,20260123143500,4.692,20260123145000,20260123,4.704,20260205,4.687,-0.003614,-0.025298,-0.040594
intraday_weak_late_low,盘中弱势低位-低点偏晚,3,20,20260123,20260123143500,4.692,20260123145000,20260123,4.704,20260227,4.7285,0.005208,-0.025298,-0.040594
intraday_weak_late_low,盘中弱势低位-低点偏晚,1,3,20260202,20260202130500,4.655,20260202131000,20260202,4.656,20260204,4.708,0.011168,-0.015249,-0.028396
intraday_weak_late_low,盘中弱势低位-低点偏晚,1,5,20260202,20260202130500,4.655,20260202131000,20260202,4.656,20260206,4.67,0.003007,-0.015249,-0.028396
intraday_weak_late_low,盘中弱势低位-低点偏晚,1,10,20260202,20260202130500,4.655,20260202131000,20260202,4.656,20260213,4.6925,0.007839,-0.015249,-0.028396
intraday_weak_late_low,盘中弱势低位-低点偏晚,1,20,20260202,20260202130500,4.655,20260202131000,20260202,4.656,20260309,4.6335,-0.004832,-0.020619,-0.045626
intraday_weak_late_low,盘中弱势低位-低点偏晚,2,3,20260202,20260202130500,4.655,20260202131500,20260202,4.656,20260204,4.708,0.011168,-0.015249,-0.028396
intraday_weak_late_low,盘中弱势低位-低点偏晚,2,5,20260202,20260202130500,4.655,20260202131500,20260202,4.656,20260206,4.67,0.003007,-0.015249,-0.028396
intraday_weak_late_low,盘中弱势低位-低点偏晚,2,10,20260202,20260202130500,4.655,20260202131500,20260202,4.656,20260213,4.6925,0.007839,-0.015249,-0.028396
intraday_weak_late_low,盘中弱势低位-低点偏晚,2,20,20260202,20260202130500,4.655,20260202131500,20260202,4.656,20260309,4.6335,-0.004832,-0.020619,-0.045626
intraday_weak_late_low,盘中弱势低位-低点偏晚,3,3,20260202,20260202130500,4.655,20260202132000,20260202,4.651,20260204,4.708,0.012255,-0.01419,-0.028396
intraday_weak_late_low,盘中弱势低位-低点偏晚,3,5,20260202,20260202130500,4.655,20260202132000,20260202,4.651,20260206,4.67,0.004085,-0.01419,-0.028396
intraday_weak_late_low,盘中弱势低位-低点偏晚,3,10,20260202,20260202130500,4.655,20260202132000,20260202,4.651,20260213,4.6925,0.008923,-0.01419,-0.028396
intraday_weak_late_low,盘中弱势低位-低点偏晚,3,20,20260202,20260202130500,4.655,20260202132000,20260202,4.651,20260309,4.6335,-0.003763,-0.019566,-0.045626
intraday_weak_late_low,盘中弱势低位-低点偏晚,1,3,20260320,20260320143000,4.599,20260320143500,20260320,4.599,20260324,4.4795,-0.025984,-0.042183,-0.049622
intraday_weak_late_low,盘中弱势低位-低点偏晚,1,5,20260320,20260320143000,4.599,20260320143500,20260320,4.599,20260326,4.5175,-0.017721,-0.042183,-0.049622
intraday_weak_late_low,盘中弱势低位-低点偏晚,1,10,20260320,20260320143000,4.599,20260320143500,20260320,4.599,20260402,4.5075,-0.019896,-0.042183,-0.049622
intraday_weak_late_low,盘中弱势低位-低点偏晚,1,20,20260320,20260320143000,4.599,20260320143500,20260320,4.599,20260417,4.7445,0.031637,-0.042183,-0.049622
intraday_weak_late_low,盘中弱势低位-低点偏晚,2,3,20260320,20260320143000,4.599,20260320144000,20260320,4.595,20260324,4.4795,-0.025136,-0.041349,-0.049622
intraday_weak_late_low,盘中弱势低位-低点偏晚,2,5,20260320,20260320143000,4.599,20260320144000,20260320,4.595,20260326,4.5175,-0.016866,-0.041349,-0.049622
intraday_weak_late_low,盘中弱势低位-低点偏晚,2,10,20260320,20260320143000,4.599,20260320144000,20260320,4.595,20260402,4.5075,-0.019042,-0.041349,-0.049622
intraday_weak_late_low,盘中弱势低位-低点偏晚,2,20,20260320,20260320143000,4.599,20260320144000,20260320,4.595,20260417,4.7445,0.032535,-0.041349,-0.049622
intraday_weak_late_low,盘中弱势低位-低点偏晚,3,3,20260320,20260320143000,4.599,20260320144500,20260320,4.591,20260324,4.4795,-0.024287,-0.040514,-0.049622
intraday_weak_late_low,盘中弱势低位-低点偏晚,3,5,20260320,20260320143000,4.599,20260320144500,20260320,4.591,20260326,4.5175,-0.01601,-0.040514,-0.049622
intraday_weak_late_low,盘中弱势低位-低点偏晚,3,10,20260320,20260320143000,4.599,20260320144500,20260320,4.591,20260402,4.5075,-0.018188,-0.040514,-0.049622
intraday_weak_late_low,盘中弱势低位-低点偏晚,3,20,20260320,20260320143000,4.599,20260320144500,20260320,4.591,20260417,4.7445,0.033435,-0.040514,-0.049622
intraday_weak_late_low,盘中弱势低位-低点偏晚,1,3,20260323,20260323130500,4.488,20260323131000,20260323,4.487,20260325,4.5465,0.013261,-0.018275,-0.029094
intraday_weak_late_low,盘中弱势低位-低点偏晚,1,5,20260323,20260323130500,4.488,20260323131000,20260323,4.487,20260327,4.519,0.007132,-0.018275,-0.029094
intraday_weak_late_low,盘中弱势低位-低点偏晚,1,10,20260323,20260323130500,4.488,20260323131000,20260323,4.487,20260403,4.48,-0.00156,-0.018275,-0.029094
intraday_weak_late_low,盘中弱势低位-低点偏晚,1,20,20260323,20260323130500,4.488,20260323131000,20260323,4.487,20260420,4.771,0.063294,-0.018275,-0.029094
intraday_weak_late_low,盘中弱势低位-低点偏晚,2,3,20260323,20260323130500,4.488,20260323131500,20260323,4.475,20260325,4.5465,0.015978,-0.015642,-0.029094
intraday_weak_late_low,盘中弱势低位-低点偏晚,2,5,20260323,20260323130500,4.488,20260323131500,20260323,4.475,20260327,4.519,0.009832,-0.015642,-0.029094
intraday_weak_late_low,盘中弱势低位-低点偏晚,2,10,20260323,20260323130500,4.488,20260323131500,20260323,4.475,20260403,4.48,0.001117,-0.015642,-0.029094
intraday_weak_late_low,盘中弱势低位-低点偏晚,2,20,20260323,20260323130500,4.488,20260323131500,20260323,4.475,20260420,4.771,0.066145,-0.015642,-0.029094
intraday_weak_late_low,盘中弱势低位-低点偏晚,3,3,20260323,20260323130500,4.488,20260323132000,20260323,4.477,20260325,4.5465,0.015524,-0.016082,-0.029094
intraday_weak_late_low,盘中弱势低位-低点偏晚,3,5,20260323,20260323130500,4.488,20260323132000,20260323,4.477,20260327,4.519,0.009381,-0.016082,-0.029094
intraday_weak_late_low,盘中弱势低位-低点偏晚,3,10,20260323,20260323130500,4.488,20260323132000,20260323,4.477,20260403,4.48,0.00067,-0.016082,-0.029094
intraday_weak_late_low,盘中弱势低位-低点偏晚,3,20,20260323,20260323130500,4.488,20260323132000,20260323,4.477,20260420,4.771,0.065669,-0.016082,-0.029094
intraday_weak_late_low,盘中弱势低位-低点偏晚,1,3,20260326,20260326130500,4.519,20260326131000,20260326,4.518,20260330,4.5025,-0.003431,-0.016158,-0.022432
intraday_weak_late_low,盘中弱势低位-低点偏晚,1,5,20260326,20260326130500,4.519,20260326131000,20260326,4.518,20260401,4.538,0.004427,-0.016158,-0.022432
intraday_weak_late_low,盘中弱势低位-低点偏晚,1,10,20260326,20260326130500,4.519,20260326131000,20260326,4.518,20260409,4.579,0.013502,-0.019256,-0.025511
intraday_weak_late_low,盘中弱势低位-低点偏晚,1,20,20260326,20260326130500,4.519,20260326131000,20260326,4.518,20260423,4.8175,0.06629,-0.019256,-0.025511
intraday_weak_late_low,盘中弱势低位-低点偏晚,2,3,20260326,20260326130500,4.519,20260326131500,20260326,4.51,20260330,4.5025,-0.001663,-0.014412,-0.022432
intraday_weak_late_low,盘中弱势低位-低点偏晚,2,5,20260326,20260326130500,4.519,20260326131500,20260326,4.51,20260401,4.538,0.006208,-0.014412,-0.022432
intraday_weak_late_low,盘中弱势低位-低点偏晚,2,10,20260326,20260326130500,4.519,20260326131500,20260326,4.51,20260409,4.579,0.015299,-0.017517,-0.025511
intraday_weak_late_low,盘中弱势低位-低点偏晚,2,20,20260326,20260326130500,4.519,20260326131500,20260326,4.51,20260423,4.8175,0.068182,-0.017517,-0.025511
intraday_weak_late_low,盘中弱势低位-低点偏晚,3,3,20260326,20260326130500,4.519,20260326132000,20260326,4.503,20260330,4.5025,-0.000111,-0.01288,-0.022432
intraday_weak_late_low,盘中弱势低位-低点偏晚,3,5,20260326,20260326130500,4.519,20260326132000,20260326,4.503,20260401,4.538,0.007773,-0.01288,-0.022432
intraday_weak_late_low,盘中弱势低位-低点偏晚,3,10,20260326,20260326130500,4.519,20260326132000,20260326,4.503,20260409,4.579,0.016878,-0.015989,-0.025511
intraday_weak_late_low,盘中弱势低位-低点偏晚,3,20,20260326,20260326130500,4.519,20260326132000,20260326,4.503,20260423,4.8175,0.069842,-0.015989,-0.025511
intraday_weak_late_low,盘中弱势低位-低点偏晚,1,3,20260331,20260331130500,4.487,20260331131000,20260331,4.487,20260402,4.5075,0.004569,-0.005572,-0.015852
intraday_weak_late_low,盘中弱势低位-低点偏晚,1,5,20260331,20260331130500,4.487,20260331131000,20260331,4.487,20260407,4.458,-0.006463,-0.01248,-0.024439
intraday_weak_late_low,盘中弱势低位-低点偏晚,1,10,20260331,20260331130500,4.487,20260331131000,20260331,4.487,20260414,4.712,0.050145,-0.01248,-0.024439
intraday_weak_late_low,盘中弱势低位-低点偏晚,2,3,20260331,20260331130500,4.487,20260331131500,20260331,4.483,20260402,4.5075,0.005465,-0.004684,-0.015852
intraday_weak_late_low,盘中弱势低位-低点偏晚,2,5,20260331,20260331130500,4.487,20260331131500,20260331,4.483,20260407,4.458,-0.005577,-0.011599,-0.024439
intraday_weak_late_low,盘中弱势低位-低点偏晚,2,10,20260331,20260331130500,4.487,20260331131500,20260331,4.483,20260414,4.712,0.051082,-0.011599,-0.024439
intraday_weak_late_low,盘中弱势低位-低点偏晚,3,3,20260331,20260331130500,4.487,20260331132000,20260331,4.475,20260402,4.5075,0.007263,-0.002905,-0.015852
intraday_weak_late_low,盘中弱势低位-低点偏晚,3,5,20260331,20260331130500,4.487,20260331132000,20260331,4.475,20260407,4.458,-0.003799,-0.009832,-0.024439
intraday_weak_late_low,盘中弱势低位-低点偏晚,3,10,20260331,20260331130500,4.487,20260331132000,20260331,4.475,20260414,4.712,0.052961,-0.009832,-0.024439
intraday_weak_late_low,盘中弱势低位-低点偏晚,1,3,20260403,20260403130500,4.457,20260403131000,20260403,4.458,20260408,4.603,0.032526,-0.006057,-0.018897
intraday_weak_late_low,盘中弱势低位-低点偏晚,1,5,20260403,20260403130500,4.457,20260403131000,20260403,4.458,20260410,4.653,0.043742,-0.006057,-0.018897
intraday_weak_late_low,盘中弱势低位-低点偏晚,1,10,20260403,20260403130500,4.457,20260403131000,20260403,4.458,20260417,4.7445,0.064266,-0.006057,-0.018897
intraday_weak_late_low,盘中弱势低位-低点偏晚,2,3,20260403,20260403130500,4.457,20260403131500,20260403,4.46,20260408,4.603,0.032063,-0.006502,-0.018897
intraday_weak_late_low,盘中弱势低位-低点偏晚,2,5,20260403,20260403130500,4.457,20260403131500,20260403,4.46,20260410,4.653,0.043274,-0.006502,-0.018897
intraday_weak_late_low,盘中弱势低位-低点偏晚,2,10,20260403,20260403130500,4.457,20260403131500,20260403,4.46,20260417,4.7445,0.063789,-0.006502,-0.018897
intraday_weak_late_low,盘中弱势低位-低点偏晚,3,3,20260403,20260403130500,4.457,20260403132000,20260403,4.456,20260408,4.603,0.032989,-0.00561,-0.018897
intraday_weak_late_low,盘中弱势低位-低点偏晚,3,5,20260403,20260403130500,4.457,20260403132000,20260403,4.456,20260410,4.653,0.04421,-0.00561,-0.018897
intraday_weak_late_low,盘中弱势低位-低点偏晚,3,10,20260403,20260403130500,4.457,20260403132000,20260403,4.456,20260417,4.7445,0.064744,-0.00561,-0.018897
intraday_weak_low,盘中弱势低位预警,1,3,20250527,20250527130500,3.737,20250527131000,20250527,3.737,20250529,3.7615,0.006556,-0.002676,-0.010616
intraday_weak_low,盘中弱势低位预警,1,5,20250527,20250527130500,3.737,20250527131000,20250527,3.737,20250603,3.7535,0.004415,-0.004282,-0.012473
intraday_weak_low,盘中弱势低位预警,1,10,20250527,20250527130500,3.737,20250527131000,20250527,3.737,20250610,3.7775,0.010838,-0.004282,-0.013688
intraday_weak_low,盘中弱势低位预警,1,20,20250527,20250527130500,3.737,20250527131000,20250527,3.737,20250624,3.82,0.02221,-0.004282,-0.019407
intraday_weak_low,盘中弱势低位预警,2,3,20250527,20250527130500,3.737,20250527131500,20250527,3.74,20250529,3.7615,0.005749,-0.003476,-0.010616
intraday_weak_low,盘中弱势低位预警,2,5,20250527,20250527130500,3.737,20250527131500,20250527,3.74,20250603,3.7535,0.00361,-0.00508,-0.012473
intraday_weak_low,盘中弱势低位预警,2,10,20250527,20250527130500,3.737,20250527131500,20250527,3.74,20250610,3.7775,0.010027,-0.00508,-0.013688
intraday_weak_low,盘中弱势低位预警,2,20,20250527,20250527130500,3.737,20250527131500,20250527,3.74,20250624,3.82,0.02139,-0.00508,-0.019407
intraday_weak_low,盘中弱势低位预警,3,3,20250527,20250527130500,3.737,20250527132000,20250527,3.737,20250529,3.7615,0.006556,-0.002676,-0.010616
intraday_weak_low,盘中弱势低位预警,3,5,20250527,20250527130500,3.737,20250527132000,20250527,3.737,20250603,3.7535,0.004415,-0.004282,-0.012473
intraday_weak_low,盘中弱势低位预警,3,10,20250527,20250527130500,3.737,20250527132000,20250527,3.737,20250610,3.7775,0.010838,-0.004282,-0.013688
intraday_weak_low,盘中弱势低位预警,3,20,20250527,20250527130500,3.737,20250527132000,20250527,3.737,20250624,3.82,0.02221,-0.004282,-0.019407
intraday_weak_low,盘中弱势低位预警,1,3,20250528,20250528130500,3.735,20250528131000,20250528,3.735,20250530,3.7505,0.00415,-0.003748,-0.012473
intraday_weak_low,盘中弱势低位预警,1,5,20250528,20250528130500,3.735,20250528131000,20250528,3.735,20250604,3.7685,0.008969,-0.003748,-0.012473
intraday_weak_low,盘中弱势低位预警,1,10,20250528,20250528130500,3.735,20250528131000,20250528,3.735,20250611,3.803,0.018206,-0.003748,-0.013688
intraday_weak_low,盘中弱势低位预警,1,20,20250528,20250528130500,3.735,20250528131000,20250528,3.735,20250625,3.879,0.038554,-0.003748,-0.019407
intraday_weak_low,盘中弱势低位预警,2,3,20250528,20250528130500,3.735,20250528131500,20250528,3.735,20250530,3.7505,0.00415,-0.003748,-0.012473
intraday_weak_low,盘中弱势低位预警,2,5,20250528,20250528130500,3.735,20250528131500,20250528,3.735,20250604,3.7685,0.008969,-0.003748,-0.012473
intraday_weak_low,盘中弱势低位预警,2,10,20250528,20250528130500,3.735,20250528131500,20250528,3.735,20250611,3.803,0.018206,-0.003748,-0.013688
intraday_weak_low,盘中弱势低位预警,2,20,20250528,20250528130500,3.735,20250528131500,20250528,3.735,20250625,3.879,0.038554,-0.003748,-0.019407
intraday_weak_low,盘中弱势低位预警,3,3,20250528,20250528130500,3.735,20250528132000,20250528,3.734,20250530,3.7505,0.004419,-0.003482,-0.012473
intraday_weak_low,盘中弱势低位预警,3,5,20250528,20250528130500,3.735,20250528132000,20250528,3.734,20250604,3.7685,0.009239,-0.003482,-0.012473
intraday_weak_low,盘中弱势低位预警,3,10,20250528,20250528130500,3.735,20250528132000,20250528,3.734,20250611,3.803,0.018479,-0.003482,-0.013688
intraday_weak_low,盘中弱势低位预警,3,20,20250528,20250528130500,3.735,20250528132000,20250528,3.734,20250625,3.879,0.038832,-0.003482,-0.019407
intraday_weak_low,盘中弱势低位预警,1,3,20250801,20250801130500,4.017,20250801131000,20250801,4.018,20250805,4.061,0.010702,-0.005973,-0.011141
intraday_weak_low,盘中弱势低位预警,1,5,20250801,20250801130500,4.017,20250801131000,20250801,4.018,20250807,4.0785,0.015057,-0.005973,-0.011141
intraday_weak_low,盘中弱势低位预警,1,10,20250801,20250801130500,4.017,20250801131000,20250801,4.018,20250814,4.1565,0.03447,-0.005973,-0.013158
intraday_weak_low,盘中弱势低位预警,1,20,20250801,20250801130500,4.017,20250801131000,20250801,4.018,20250828,4.437,0.104281,-0.005973,-0.029807
intraday_weak_low,盘中弱势低位预警,2,3,20250801,20250801130500,4.017,20250801131500,20250801,4.016,20250805,4.061,0.011205,-0.005478,-0.011141
intraday_weak_low,盘中弱势低位预警,2,5,20250801,20250801130500,4.017,20250801131500,20250801,4.016,20250807,4.0785,0.015563,-0.005478,-0.011141
intraday_weak_low,盘中弱势低位预警,2,10,20250801,20250801130500,4.017,20250801131500,20250801,4.016,20250814,4.1565,0.034985,-0.005478,-0.013158
intraday_weak_low,盘中弱势低位预警,2,20,20250801,20250801130500,4.017,20250801131500,20250801,4.016,20250828,4.437,0.104831,-0.005478,-0.029807
intraday_weak_low,盘中弱势低位预警,3,3,20250801,20250801130500,4.017,20250801132000,20250801,4.01,20250805,4.061,0.012718,-0.00399,-0.011141
intraday_weak_low,盘中弱势低位预警,3,5,20250801,20250801130500,4.017,20250801132000,20250801,4.01,20250807,4.0785,0.017082,-0.00399,-0.011141
intraday_weak_low,盘中弱势低位预警,3,10,20250801,20250801130500,4.017,20250801132000,20250801,4.01,20250814,4.1565,0.036534,-0.00399,-0.013158
intraday_weak_low,盘中弱势低位预警,3,20,20250801,20250801130500,4.017,20250801132000,20250801,4.01,20250828,4.437,0.106484,-0.00399,-0.029807
intraday_weak_low,盘中弱势低位预警,1,3,20251020,20251020140500,4.514,20251020141000,20251020,4.514,20251022,4.5785,0.014289,-0.00288,-0.015435
intraday_weak_low,盘中弱势低位预警,1,5,20251020,20251020140500,4.514,20251020141000,20251020,4.514,20251024,4.648,0.029685,-0.00288,-0.017609
intraday_weak_low,盘中弱势低位预警,1,10,20251020,20251020140500,4.514,20251020141000,20251020,4.514,20251031,4.668,0.034116,-0.00288,-0.025047
intraday_weak_low,盘中弱势低位预警,1,20,20251020,20251020140500,4.514,20251020141000,20251020,4.514,20251114,4.6455,0.029132,-0.00288,-0.043359
intraday_weak_low,盘中弱势低位预警,2,3,20251020,20251020140500,4.514,20251020141500,20251020,4.51,20251022,4.5785,0.015188,-0.001996,-0.015435
intraday_weak_low,盘中弱势低位预警,2,5,20251020,20251020140500,4.514,20251020141500,20251020,4.51,20251024,4.648,0.030599,-0.001996,-0.017609
intraday_weak_low,盘中弱势低位预警,2,10,20251020,20251020140500,4.514,20251020141500,20251020,4.51,20251031,4.668,0.035033,-0.001996,-0.025047
intraday_weak_low,盘中弱势低位预警,2,20,20251020,20251020140500,4.514,20251020141500,20251020,4.51,20251114,4.6455,0.030044,-0.001996,-0.043359
intraday_weak_low,盘中弱势低位预警,3,3,20251020,20251020140500,4.514,20251020142000,20251020,4.511,20251022,4.5785,0.014963,-0.002217,-0.015435
intraday_weak_low,盘中弱势低位预警,3,5,20251020,20251020140500,4.514,20251020142000,20251020,4.511,20251024,4.648,0.03037,-0.002217,-0.017609
intraday_weak_low,盘中弱势低位预警,3,10,20251020,20251020140500,4.514,20251020142000,20251020,4.511,20251031,4.668,0.034804,-0.002217,-0.025047
intraday_weak_low,盘中弱势低位预警,3,20,20251020,20251020140500,4.514,20251020142000,20251020,4.511,20251114,4.6455,0.029816,-0.002217,-0.043359
intraday_weak_low,盘中弱势低位预警,1,3,20251118,20251118130500,4.566,20251118131000,20251118,4.566,20251120,4.5795,0.002957,-0.005475,-0.012158
intraday_weak_low,盘中弱势低位预警,1,5,20251118,20251118130500,4.566,20251118131000,20251118,4.566,20251124,4.448,-0.025843,-0.034166,-0.042553
intraday_weak_low,盘中弱势低位预警,1,10,20251118,20251118130500,4.566,20251118131000,20251118,4.566,20251201,4.5645,-0.000329,-0.034166,-0.042553
intraday_weak_low,盘中弱势低位预警,1,20,20251118,20251118130500,4.566,20251118131000,20251118,4.566,20251215,4.5665,0.00011,-0.034166,-0.044051
intraday_weak_low,盘中弱势低位预警,2,3,20251118,20251118130500,4.566,20251118131500,20251118,4.564,20251120,4.5795,0.003396,-0.005039,-0.012158
intraday_weak_low,盘中弱势低位预警,2,5,20251118,20251118130500,4.566,20251118131500,20251118,4.564,20251124,4.448,-0.025416,-0.033742,-0.042553
intraday_weak_low,盘中弱势低位预警,2,10,20251118,20251118130500,4.566,20251118131500,20251118,4.564,20251201,4.5645,0.00011,-0.033742,-0.042553
intraday_weak_low,盘中弱势低位预警,2,20,20251118,20251118130500,4.566,20251118131500,20251118,4.564,20251215,4.5665,0.000548,-0.033742,-0.044051
intraday_weak_low,盘中弱势低位预警,3,3,20251118,20251118130500,4.566,20251118132000,20251118,4.562,20251120,4.5795,0.003836,-0.004603,-0.012158
intraday_weak_low,盘中弱势低位预警,3,5,20251118,20251118130500,4.566,20251118132000,20251118,4.562,20251124,4.448,-0.024989,-0.033319,-0.042553
intraday_weak_low,盘中弱势低位预警,3,10,20251118,20251118130500,4.566,20251118132000,20251118,4.562,20251201,4.5645,0.000548,-0.033319,-0.042553
intraday_weak_low,盘中弱势低位预警,3,20,20251118,20251118130500,4.566,20251118132000,20251118,4.562,20251215,4.5665,0.000986,-0.033319,-0.044051
intraday_weak_low,盘中弱势低位预警,1,3,20251119,20251119130500,4.567,20251119131000,20251119,4.566,20251121,4.486,-0.017521,-0.027814,-0.036257
intraday_weak_low,盘中弱势低位预警,1,5,20251119,20251119130500,4.567,20251119131000,20251119,4.566,20251125,4.487,-0.017302,-0.034166,-0.042553
intraday_weak_low,盘中弱势低位预警,1,10,20251119,20251119130500,4.567,20251119131000,20251119,4.566,20251202,4.553,-0.002847,-0.034166,-0.042553
intraday_weak_low,盘中弱势低位预警,1,20,20251119,20251119130500,4.567,20251119131000,20251119,4.566,20251216,4.5205,-0.009965,-0.034166,-0.044051
intraday_weak_low,盘中弱势低位预警,2,3,20251119,20251119130500,4.567,20251119131500,20251119,4.567,20251121,4.486,-0.017736,-0.028027,-0.036257
intraday_weak_low,盘中弱势低位预警,2,5,20251119,20251119130500,4.567,20251119131500,20251119,4.567,20251125,4.487,-0.017517,-0.034377,-0.042553
intraday_weak_low,盘中弱势低位预警,2,10,20251119,20251119130500,4.567,20251119131500,20251119,4.567,20251202,4.553,-0.003065,-0.034377,-0.042553
intraday_weak_low,盘中弱势低位预警,2,20,20251119,20251119130500,4.567,20251119131500,20251119,4.567,20251216,4.5205,-0.010182,-0.034377,-0.044051
intraday_weak_low,盘中弱势低位预警,3,3,20251119,20251119130500,4.567,20251119132000,20251119,4.561,20251121,4.486,-0.016444,-0.026749,-0.036257
intraday_weak_low,盘中弱势低位预警,3,5,20251119,20251119130500,4.567,20251119132000,20251119,4.561,20251125,4.487,-0.016225,-0.033107,-0.042553
intraday_weak_low,盘中弱势低位预警,3,10,20251119,20251119130500,4.567,20251119132000,20251119,4.561,20251202,4.553,-0.001754,-0.033107,-0.042553
intraday_weak_low,盘中弱势低位预警,3,20,20251119,20251119130500,4.567,20251119132000,20251119,4.561,20251216,4.5205,-0.00888,-0.033107,-0.044051
intraday_weak_low,盘中弱势低位预警,1,3,20251120,20251120133000,4.584,20251120133500,20251120,4.584,20251124,4.448,-0.029668,-0.037958,-0.042553
intraday_weak_low,盘中弱势低位预警,1,5,20251120,20251120133000,4.584,20251120133500,20251120,4.584,20251126,4.513,-0.015489,-0.037958,-0.042553
intraday_weak_low,盘中弱势低位预警,1,10,20251120,20251120133000,4.584,20251120133500,20251120,4.584,20251203,4.5415,-0.009271,-0.037958,-0.042553
intraday_weak_low,盘中弱势低位预警,1,20,20251120,20251120133000,4.584,20251120133500,20251120,4.584,20251217,4.584,0.0,-0.037958,-0.044051
intraday_weak_low,盘中弱势低位预警,2,3,20251120,20251120133000,4.584,20251120134000,20251120,4.582,20251124,4.448,-0.029245,-0.037538,-0.042553
intraday_weak_low,盘中弱势低位预警,2,5,20251120,20251120133000,4.584,20251120134000,20251120,4.582,20251126,4.513,-0.015059,-0.037538,-0.042553
intraday_weak_low,盘中弱势低位预警,2,10,20251120,20251120133000,4.584,20251120134000,20251120,4.582,20251203,4.5415,-0.008839,-0.037538,-0.042553
intraday_weak_low,盘中弱势低位预警,2,20,20251120,20251120133000,4.584,20251120134000,20251120,4.582,20251217,4.584,0.000436,-0.037538,-0.044051
intraday_weak_low,盘中弱势低位预警,3,3,20251120,20251120133000,4.584,20251120134500,20251120,4.576,20251124,4.448,-0.027972,-0.036276,-0.042553
intraday_weak_low,盘中弱势低位预警,3,5,20251120,20251120133000,4.584,20251120134500,20251120,4.576,20251126,4.513,-0.013767,-0.036276,-0.042553
intraday_weak_low,盘中弱势低位预警,3,10,20251120,20251120133000,4.584,20251120134500,20251120,4.576,20251203,4.5415,-0.007539,-0.036276,-0.042553
intraday_weak_low,盘中弱势低位预警,3,20,20251120,20251120133000,4.584,20251120134500,20251120,4.576,20251217,4.584,0.001748,-0.036276,-0.044051
intraday_weak_low,盘中弱势低位预警,1,3,20251121,20251121130500,4.477,20251121131000,20251121,4.477,20251125,4.487,0.002234,-0.014965,-0.026705
intraday_weak_low,盘中弱势低位预警,1,5,20251121,20251121130500,4.477,20251121131000,20251121,4.477,20251127,4.525,0.010721,-0.014965,-0.026705
intraday_weak_low,盘中弱势低位预警,1,10,20251121,20251121130500,4.477,20251121131000,20251121,4.477,20251204,4.541,0.014295,-0.014965,-0.026705
intraday_weak_low,盘中弱势低位预警,1,20,20251121,20251121130500,4.477,20251121131000,20251121,4.477,20251218,4.557,0.017869,-0.014965,-0.044051
intraday_weak_low,盘中弱势低位预警,2,3,20251121,20251121130500,4.477,20251121131500,20251121,4.474,20251125,4.487,0.002906,-0.014305,-0.026705
intraday_weak_low,盘中弱势低位预警,2,5,20251121,20251121130500,4.477,20251121131500,20251121,4.474,20251127,4.525,0.011399,-0.014305,-0.026705
intraday_weak_low,盘中弱势低位预警,2,10,20251121,20251121130500,4.477,20251121131500,20251121,4.474,20251204,4.541,0.014975,-0.014305,-0.026705
intraday_weak_low,盘中弱势低位预警,2,20,20251121,20251121130500,4.477,20251121131500,20251121,4.474,20251218,4.557,0.018552,-0.014305,-0.044051
intraday_weak_low,盘中弱势低位预警,3,3,20251121,20251121130500,4.477,20251121132000,20251121,4.484,20251125,4.487,0.000669,-0.016503,-0.026705
intraday_weak_low,盘中弱势低位预警,3,5,20251121,20251121130500,4.477,20251121132000,20251121,4.484,20251127,4.525,0.009144,-0.016503,-0.026705
intraday_weak_low,盘中弱势低位预警,3,10,20251121,20251121130500,4.477,20251121132000,20251121,4.484,20251204,4.541,0.012712,-0.016503,-0.026705
intraday_weak_low,盘中弱势低位预警,3,20,20251121,20251121130500,4.477,20251121132000,20251121,4.484,20251218,4.557,0.01628,-0.016503,-0.044051
intraday_weak_low,盘中弱势低位预警,1,3,20251124,20251124130500,4.421,20251124131000,20251124,4.42,20251126,4.513,0.021041,-0.002262,-0.011654
intraday_weak_low,盘中弱势低位预警,1,5,20251124,20251124130500,4.421,20251124131000,20251124,4.42,20251128,4.5155,0.021606,-0.002262,-0.015601
intraday_weak_low,盘中弱势低位预警,1,10,20251124,20251124130500,4.421,20251124131000,20251124,4.42,20251205,4.581,0.036425,-0.002262,-0.015601
intraday_weak_low,盘中弱势低位预警,1,20,20251124,20251124130500,4.421,20251124131000,20251124,4.42,20251219,4.578,0.035747,-0.002262,-0.044051
intraday_weak_low,盘中弱势低位预警,2,3,20251124,20251124130500,4.421,20251124131500,20251124,4.422,20251126,4.513,0.020579,-0.002714,-0.011654
intraday_weak_low,盘中弱势低位预警,2,5,20251124,20251124130500,4.421,20251124131500,20251124,4.422,20251128,4.5155,0.021144,-0.002714,-0.015601
intraday_weak_low,盘中弱势低位预警,2,10,20251124,20251124130500,4.421,20251124131500,20251124,4.422,20251205,4.581,0.035957,-0.002714,-0.015601
intraday_weak_low,盘中弱势低位预警,2,20,20251124,20251124130500,4.421,20251124131500,20251124,4.422,20251219,4.578,0.035278,-0.002714,-0.044051
intraday_weak_low,盘中弱势低位预警,3,3,20251124,20251124130500,4.421,20251124132000,20251124,4.429,20251126,4.513,0.018966,-0.00429,-0.011654
intraday_weak_low,盘中弱势低位预警,3,5,20251124,20251124130500,4.421,20251124132000,20251124,4.429,20251128,4.5155,0.01953,-0.00429,-0.015601
intraday_weak_low,盘中弱势低位预警,3,10,20251124,20251124130500,4.421,20251124132000,20251124,4.429,20251205,4.581,0.034319,-0.00429,-0.015601
intraday_weak_low,盘中弱势低位预警,3,20,20251124,20251124130500,4.421,20251124132000,20251124,4.429,20251219,4.578,0.033642,-0.00429,-0.044051
intraday_weak_low,盘中弱势低位预警,1,3,20251127,20251127135000,4.516,20251127135500,20251127,4.516,20251201,4.5645,0.01074,-0.007972,-0.015601
intraday_weak_low,盘中弱势低位预警,1,5,20251127,20251127135000,4.516,20251127135500,20251127,4.516,20251203,4.5415,0.005647,-0.007972,-0.015601
intraday_weak_low,盘中弱势低位预警,1,10,20251127,20251127135000,4.516,20251127135500,20251127,4.516,20251210,4.5825,0.014725,-0.007972,-0.02073
intraday_weak_low,盘中弱势低位预警,1,20,20251127,20251127135000,4.516,20251127135500,20251127,4.516,20251224,4.638,0.027015,-0.019708,-0.044051
intraday_weak_low,盘中弱势低位预警,2,3,20251127,20251127135000,4.516,20251127140000,20251127,4.518,20251201,4.5645,0.010292,-0.008411,-0.015601
intraday_weak_low,盘中弱势低位预警,2,5,20251127,20251127135000,4.516,20251127140000,20251127,4.518,20251203,4.5415,0.005201,-0.008411,-0.015601
intraday_weak_low,盘中弱势低位预警,2,10,20251127,20251127135000,4.516,20251127140000,20251127,4.518,20251210,4.5825,0.014276,-0.008411,-0.02073
intraday_weak_low,盘中弱势低位预警,2,20,20251127,20251127135000,4.516,20251127140000,20251127,4.518,20251224,4.638,0.02656,-0.020142,-0.044051
intraday_weak_low,盘中弱势低位预警,3,3,20251127,20251127135000,4.516,20251127140500,20251127,4.52,20251201,4.5645,0.009845,-0.00885,-0.015601
intraday_weak_low,盘中弱势低位预警,3,5,20251127,20251127135000,4.516,20251127140500,20251127,4.52,20251203,4.5415,0.004757,-0.00885,-0.015601
intraday_weak_low,盘中弱势低位预警,3,10,20251127,20251127135000,4.516,20251127140500,20251127,4.52,20251210,4.5825,0.013827,-0.00885,-0.02073
intraday_weak_low,盘中弱势低位预警,3,20,20251127,20251127135000,4.516,20251127140500,20251127,4.52,20251224,4.638,0.026106,-0.020575,-0.044051
intraday_weak_low,盘中弱势低位预警,1,3,20251216,20251216130500,4.49,20251216131000,20251216,4.49,20251218,4.557,0.014922,-0.002673,-0.021559
intraday_weak_low,盘中弱势低位预警,1,5,20251216,20251216130500,4.49,20251216131000,20251216,4.49,20251222,4.6095,0.026615,-0.002673,-0.021559
intraday_weak_low,盘中弱势低位预警,1,10,20251216,20251216130500,4.49,20251216131000,20251216,4.49,20251229,4.6555,0.03686,-0.002673,-0.021559
intraday_weak_low,盘中弱势低位预警,1,20,20251216,20251216130500,4.49,20251216131000,20251216,4.49,20260114,4.7845,0.06559,-0.002673,-0.025609
intraday_weak_low,盘中弱势低位预警,2,3,20251216,20251216130500,4.49,20251216131500,20251216,4.49,20251218,4.557,0.014922,-0.002673,-0.021559
intraday_weak_low,盘中弱势低位预警,2,5,20251216,20251216130500,4.49,20251216131500,20251216,4.49,20251222,4.6095,0.026615,-0.002673,-0.021559
intraday_weak_low,盘中弱势低位预警,2,10,20251216,20251216130500,4.49,20251216131500,20251216,4.49,20251229,4.6555,0.03686,-0.002673,-0.021559
intraday_weak_low,盘中弱势低位预警,2,20,20251216,20251216130500,4.49,20251216131500,20251216,4.49,20260114,4.7845,0.06559,-0.002673,-0.025609
intraday_weak_low,盘中弱势低位预警,3,3,20251216,20251216130500,4.49,20251216132000,20251216,4.492,20251218,4.557,0.01447,-0.003117,-0.021559
intraday_weak_low,盘中弱势低位预警,3,5,20251216,20251216130500,4.49,20251216132000,20251216,4.492,20251222,4.6095,0.026158,-0.003117,-0.021559
intraday_weak_low,盘中弱势低位预警,3,10,20251216,20251216130500,4.49,20251216132000,20251216,4.492,20251229,4.6555,0.036398,-0.003117,-0.021559
intraday_weak_low,盘中弱势低位预警,3,20,20251216,20251216130500,4.49,20251216132000,20251216,4.492,20260114,4.7845,0.065116,-0.003117,-0.025609
intraday_weak_low,盘中弱势低位预警,1,3,20260120,20260120130500,4.715,20260120131000,20260120,4.715,20260122,4.7435,0.006045,-0.005726,-0.01326
intraday_weak_low,盘中弱势低位预警,1,5,20260120,20260120130500,4.715,20260120131000,20260120,4.715,20260126,4.736,0.004454,-0.005938,-0.016163
intraday_weak_low,盘中弱势低位预警,1,10,20260120,20260120130500,4.715,20260120131000,20260120,4.715,20260202,4.6595,-0.011771,-0.026299,-0.039339
intraday_weak_low,盘中弱势低位预警,1,20,20260120,20260120130500,4.715,20260120131000,20260120,4.715,20260224,4.726,0.002333,-0.027572,-0.040594
intraday_weak_low,盘中弱势低位预警,2,3,20260120,20260120130500,4.715,20260120131500,20260120,4.718,20260122,4.7435,0.005405,-0.006359,-0.01326
intraday_weak_low,盘中弱势低位预警,2,5,20260120,20260120130500,4.715,20260120131500,20260120,4.718,20260126,4.736,0.003815,-0.006571,-0.016163
intraday_weak_low,盘中弱势低位预警,2,10,20260120,20260120130500,4.715,20260120131500,20260120,4.718,20260202,4.6595,-0.012399,-0.026918,-0.039339
intraday_weak_low,盘中弱势低位预警,2,20,20260120,20260120130500,4.715,20260120131500,20260120,4.718,20260224,4.726,0.001696,-0.02819,-0.040594
intraday_weak_low,盘中弱势低位预警,3,3,20260120,20260120130500,4.715,20260120132000,20260120,4.719,20260122,4.7435,0.005192,-0.006569,-0.01326
intraday_weak_low,盘中弱势低位预警,3,5,20260120,20260120130500,4.715,20260120132000,20260120,4.719,20260126,4.736,0.003602,-0.006781,-0.016163
intraday_weak_low,盘中弱势低位预警,3,10,20260120,20260120130500,4.715,20260120132000,20260120,4.719,20260202,4.6595,-0.012609,-0.027124,-0.039339
intraday_weak_low,盘中弱势低位预警,3,20,20260120,20260120130500,4.715,20260120132000,20260120,4.719,20260224,4.726,0.001483,-0.028396,-0.040594
intraday_weak_low,盘中弱势低位预警,1,3,20260121,20260121142000,4.728,20260121142500,20260121,4.729,20260123,4.723,-0.001269,-0.008881,-0.016163
intraday_weak_low,盘中弱势低位预警,1,5,20260121,20260121142000,4.728,20260121142500,20260121,4.729,20260127,4.726,-0.000634,-0.010573,-0.017842
intraday_weak_low,盘中弱势低位预警,1,10,20260121,20260121142000,4.728,20260121142500,20260121,4.729,20260203,4.666,-0.013322,-0.03045,-0.040594
intraday_weak_low,盘中弱势低位预警,1,20,20260121,20260121142000,4.728,20260121142500,20260121,4.729,20260225,4.764,0.007401,-0.03045,-0.040594
intraday_weak_low,盘中弱势低位预警,2,3,20260121,20260121142000,4.728,20260121143000,20260121,4.726,20260123,4.723,-0.000635,-0.008252,-0.016163
intraday_weak_low,盘中弱势低位预警,2,5,20260121,20260121142000,4.728,20260121143000,20260121,4.726,20260127,4.726,0.0,-0.009945,-0.017842
intraday_weak_low,盘中弱势低位预警,2,10,20260121,20260121142000,4.728,20260121143000,20260121,4.726,20260203,4.666,-0.012696,-0.029835,-0.040594
intraday_weak_low,盘中弱势低位预警,2,20,20260121,20260121142000,4.728,20260121143000,20260121,4.726,20260225,4.764,0.008041,-0.029835,-0.040594
intraday_weak_low,盘中弱势低位预警,3,3,20260121,20260121142000,4.728,20260121143500,20260121,4.722,20260123,4.723,0.000212,-0.007412,-0.016163
intraday_weak_low,盘中弱势低位预警,3,5,20260121,20260121142000,4.728,20260121143500,20260121,4.722,20260127,4.726,0.000847,-0.009106,-0.017842
intraday_weak_low,盘中弱势低位预警,3,10,20260121,20260121142000,4.728,20260121143500,20260121,4.722,20260203,4.666,-0.011859,-0.029013,-0.040594
intraday_weak_low,盘中弱势低位预警,3,20,20260121,20260121142000,4.728,20260121143500,20260121,4.722,20260225,4.764,0.008895,-0.029013,-0.040594
intraday_weak_low,盘中弱势低位预警,1,3,20260122,20260122130500,4.711,20260122131000,20260122,4.711,20260126,4.736,0.005307,-0.005094,-0.015336
intraday_weak_low,盘中弱势低位预警,1,5,20260122,20260122130500,4.711,20260122131000,20260122,4.711,20260128,4.734,0.004882,-0.006793,-0.017017
intraday_weak_low,盘中弱势低位预警,1,10,20260122,20260122130500,4.711,20260122131000,20260122,4.711,20260204,4.708,-0.000637,-0.026746,-0.040594
intraday_weak_low,盘中弱势低位预警,1,20,20260122,20260122130500,4.711,20260122131000,20260122,4.711,20260226,4.7445,0.007111,-0.026746,-0.040594
intraday_weak_low,盘中弱势低位预警,2,3,20260122,20260122130500,4.711,20260122131500,20260122,4.71,20260126,4.736,0.00552,-0.004883,-0.015336
intraday_weak_low,盘中弱势低位预警,2,5,20260122,20260122130500,4.711,20260122131500,20260122,4.71,20260128,4.734,0.005096,-0.006582,-0.017017
intraday_weak_low,盘中弱势低位预警,2,10,20260122,20260122130500,4.711,20260122131500,20260122,4.71,20260204,4.708,-0.000425,-0.026539,-0.040594
intraday_weak_low,盘中弱势低位预警,2,20,20260122,20260122130500,4.711,20260122131500,20260122,4.71,20260226,4.7445,0.007325,-0.026539,-0.040594
intraday_weak_low,盘中弱势低位预警,3,3,20260122,20260122130500,4.711,20260122132000,20260122,4.712,20260126,4.736,0.005093,-0.005306,-0.015336
intraday_weak_low,盘中弱势低位预警,3,5,20260122,20260122130500,4.711,20260122132000,20260122,4.712,20260128,4.734,0.004669,-0.007003,-0.017017
intraday_weak_low,盘中弱势低位预警,3,10,20260122,20260122130500,4.711,20260122132000,20260122,4.712,20260204,4.708,-0.000849,-0.026952,-0.040594
intraday_weak_low,盘中弱势低位预警,3,20,20260122,20260122130500,4.711,20260122132000,20260122,4.712,20260226,4.7445,0.006897,-0.026952,-0.040594
intraday_weak_low,盘中弱势低位预警,1,3,20260123,20260123131500,4.718,20260123132000,20260123,4.718,20260127,4.726,0.001696,-0.008266,-0.017017
intraday_weak_low,盘中弱势低位预警,1,5,20260123,20260123131500,4.718,20260123132000,20260123,4.718,20260129,4.7735,0.011763,-0.008266,-0.017017
intraday_weak_low,盘中弱势低位预警,1,10,20260123,20260123131500,4.718,20260123132000,20260123,4.718,20260205,4.687,-0.006571,-0.02819,-0.040594
intraday_weak_low,盘中弱势低位预警,1,20,20260123,20260123131500,4.718,20260123132000,20260123,4.718,20260227,4.7285,0.002226,-0.02819,-0.040594
intraday_weak_low,盘中弱势低位预警,2,3,20260123,20260123131500,4.718,20260123132500,20260123,4.72,20260127,4.726,0.001271,-0.008686,-0.017017
intraday_weak_low,盘中弱势低位预警,2,5,20260123,20260123131500,4.718,20260123132500,20260123,4.72,20260129,4.7735,0.011335,-0.008686,-0.017017
intraday_weak_low,盘中弱势低位预警,2,10,20260123,20260123131500,4.718,20260123132500,20260123,4.72,20260205,4.687,-0.006992,-0.028602,-0.040594
intraday_weak_low,盘中弱势低位预警,2,20,20260123,20260123131500,4.718,20260123132500,20260123,4.72,20260227,4.7285,0.001801,-0.028602,-0.040594
intraday_weak_low,盘中弱势低位预警,3,3,20260123,20260123131500,4.718,20260123133000,20260123,4.706,20260127,4.726,0.00425,-0.005737,-0.017017
intraday_weak_low,盘中弱势低位预警,3,5,20260123,20260123131500,4.718,20260123133000,20260123,4.706,20260129,4.7735,0.014343,-0.005737,-0.017017
intraday_weak_low,盘中弱势低位预警,3,10,20260123,20260123131500,4.718,20260123133000,20260123,4.706,20260205,4.687,-0.004037,-0.025712,-0.040594
intraday_weak_low,盘中弱势低位预警,3,20,20260123,20260123131500,4.718,20260123133000,20260123,4.706,20260227,4.7285,0.004781,-0.025712,-0.040594
intraday_weak_low,盘中弱势低位预警,1,3,20260126,20260126131500,4.717,20260126132000,20260126,4.718,20260128,4.734,0.003391,-0.008266,-0.017017
intraday_weak_low,盘中弱势低位预警,1,5,20260126,20260126131500,4.717,20260126132000,20260126,4.718,20260130,4.7345,0.003497,-0.016109,-0.028667
intraday_weak_low,盘中弱势低位预警,1,10,20260126,20260126131500,4.717,20260126132000,20260126,4.718,20260206,4.67,-0.010174,-0.02819,-0.040594
intraday_weak_low,盘中弱势低位预警,1,20,20260126,20260126131500,4.717,20260126132000,20260126,4.718,20260302,4.741,0.004875,-0.02819,-0.040594
intraday_weak_low,盘中弱势低位预警,2,3,20260126,20260126131500,4.717,20260126132500,20260126,4.72,20260128,4.734,0.002966,-0.008686,-0.017017
intraday_weak_low,盘中弱势低位预警,2,5,20260126,20260126131500,4.717,20260126132500,20260126,4.72,20260130,4.7345,0.003072,-0.016525,-0.028667
intraday_weak_low,盘中弱势低位预警,2,10,20260126,20260126131500,4.717,20260126132500,20260126,4.72,20260206,4.67,-0.010593,-0.028602,-0.040594
intraday_weak_low,盘中弱势低位预警,2,20,20260126,20260126131500,4.717,20260126132500,20260126,4.72,20260302,4.741,0.004449,-0.028602,-0.040594
intraday_weak_low,盘中弱势低位预警,3,3,20260126,20260126131500,4.717,20260126133000,20260126,4.722,20260128,4.734,0.002541,-0.009106,-0.017017
intraday_weak_low,盘中弱势低位预警,3,5,20260126,20260126131500,4.717,20260126133000,20260126,4.722,20260130,4.7345,0.002647,-0.016942,-0.028667
intraday_weak_low,盘中弱势低位预警,3,10,20260126,20260126131500,4.717,20260126133000,20260126,4.722,20260206,4.67,-0.011012,-0.029013,-0.040594
intraday_weak_low,盘中弱势低位预警,3,20,20260126,20260126131500,4.717,20260126133000,20260126,4.722,20260302,4.741,0.004024,-0.029013,-0.040594
intraday_weak_low,盘中弱势低位预警,1,3,20260127,20260127145500,4.704,20260127150000,20260127,4.703,20260129,4.7735,0.01499,-0.005103,-0.015694
intraday_weak_low,盘中弱势低位预警,1,5,20260127,20260127145500,4.704,20260127150000,20260127,4.703,20260202,4.6595,-0.009249,-0.023815,-0.039339
intraday_weak_low,盘中弱势低位预警,1,10,20260127,20260127145500,4.704,20260127150000,20260127,4.703,20260209,4.7285,0.005422,-0.02509,-0.040594
intraday_weak_low,盘中弱势低位预警,1,20,20260127,20260127145500,4.704,20260127150000,20260127,4.703,20260303,4.7145,0.002445,-0.02509,-0.040594
intraday_weak_low,盘中弱势低位预警,1,3,20260128,20260128132500,4.718,20260128133000,20260128,4.719,20260130,4.7345,0.003285,-0.016317,-0.028667
intraday_weak_low,盘中弱势低位预警,1,5,20260128,20260128132500,4.718,20260128133000,20260128,4.719,20260203,4.666,-0.011231,-0.028396,-0.040594
intraday_weak_low,盘中弱势低位预警,1,10,20260128,20260128132500,4.718,20260128133000,20260128,4.719,20260210,4.736,0.003602,-0.028396,-0.040594
intraday_weak_low,盘中弱势低位预警,1,20,20260128,20260128132500,4.718,20260128133000,20260128,4.719,20260304,4.63,-0.01886,-0.028396,-0.040594
intraday_weak_low,盘中弱势低位预警,2,3,20260128,20260128132500,4.718,20260128133500,20260128,4.714,20260130,4.7345,0.004349,-0.015274,-0.028667
intraday_weak_low,盘中弱势低位预警,2,5,20260128,20260128132500,4.718,20260128133500,20260128,4.714,20260203,4.666,-0.010182,-0.027365,-0.040594
intraday_weak_low,盘中弱势低位预警,2,10,20260128,20260128132500,4.718,20260128133500,20260128,4.714,20260210,4.736,0.004667,-0.027365,-0.040594
intraday_weak_low,盘中弱势低位预警,2,20,20260128,20260128132500,4.718,20260128133500,20260128,4.714,20260304,4.63,-0.017819,-0.027365,-0.040594
intraday_weak_low,盘中弱势低位预警,3,3,20260128,20260128132500,4.718,20260128134000,20260128,4.726,20260130,4.7345,0.001799,-0.017774,-0.028667
intraday_weak_low,盘中弱势低位预警,3,5,20260128,20260128132500,4.718,20260128134000,20260128,4.726,20260203,4.666,-0.012696,-0.029835,-0.040594
intraday_weak_low,盘中弱势低位预警,3,10,20260128,20260128132500,4.718,20260128134000,20260128,4.726,20260210,4.736,0.002116,-0.029835,-0.040594
intraday_weak_low,盘中弱势低位预警,3,20,20260128,20260128132500,4.718,20260128134000,20260128,4.726,20260304,4.63,-0.020313,-0.029835,-0.040594
intraday_weak_low,盘中弱势低位预警,1,3,20260202,20260202130500,4.655,20260202131000,20260202,4.656,20260204,4.708,0.011168,-0.015249,-0.028396
intraday_weak_low,盘中弱势低位预警,1,5,20260202,20260202130500,4.655,20260202131000,20260202,4.656,20260206,4.67,0.003007,-0.015249,-0.028396
intraday_weak_low,盘中弱势低位预警,1,10,20260202,20260202130500,4.655,20260202131000,20260202,4.656,20260213,4.6925,0.007839,-0.015249,-0.028396
intraday_weak_low,盘中弱势低位预警,1,20,20260202,20260202130500,4.655,20260202131000,20260202,4.656,20260309,4.6335,-0.004832,-0.020619,-0.045626
intraday_weak_low,盘中弱势低位预警,2,3,20260202,20260202130500,4.655,20260202131500,20260202,4.656,20260204,4.708,0.011168,-0.015249,-0.028396
intraday_weak_low,盘中弱势低位预警,2,5,20260202,20260202130500,4.655,20260202131500,20260202,4.656,20260206,4.67,0.003007,-0.015249,-0.028396
intraday_weak_low,盘中弱势低位预警,2,10,20260202,20260202130500,4.655,20260202131500,20260202,4.656,20260213,4.6925,0.007839,-0.015249,-0.028396
intraday_weak_low,盘中弱势低位预警,2,20,20260202,20260202130500,4.655,20260202131500,20260202,4.656,20260309,4.6335,-0.004832,-0.020619,-0.045626
intraday_weak_low,盘中弱势低位预警,3,3,20260202,20260202130500,4.655,20260202132000,20260202,4.651,20260204,4.708,0.012255,-0.01419,-0.028396
intraday_weak_low,盘中弱势低位预警,3,5,20260202,20260202130500,4.655,20260202132000,20260202,4.651,20260206,4.67,0.004085,-0.01419,-0.028396
intraday_weak_low,盘中弱势低位预警,3,10,20260202,20260202130500,4.655,20260202132000,20260202,4.651,20260213,4.6925,0.008923,-0.01419,-0.028396
intraday_weak_low,盘中弱势低位预警,3,20,20260202,20260202130500,4.655,20260202132000,20260202,4.651,20260309,4.6335,-0.003763,-0.019566,-0.045626
intraday_weak_low,盘中弱势低位预警,1,3,20260204,20260204131500,4.656,20260204132000,20260204,4.656,20260206,4.67,0.003007,-0.00988,-0.021024
intraday_weak_low,盘中弱势低位预警,1,5,20260204,20260204131500,4.656,20260204132000,20260204,4.656,20260210,4.736,0.017182,-0.00988,-0.021024
intraday_weak_low,盘中弱势低位预警,1,10,20260204,20260204131500,4.656,20260204132000,20260204,4.656,20260225,4.764,0.023196,-0.00988,-0.021024
intraday_weak_low,盘中弱势低位预警,1,20,20260204,20260204131500,4.656,20260204132000,20260204,4.656,20260311,4.715,0.012672,-0.020619,-0.045626
intraday_weak_low,盘中弱势低位预警,2,3,20260204,20260204131500,4.656,20260204132500,20260204,4.663,20260206,4.67,0.001501,-0.011366,-0.021024
intraday_weak_low,盘中弱势低位预警,2,5,20260204,20260204131500,4.656,20260204132500,20260204,4.663,20260210,4.736,0.015655,-0.011366,-0.021024
intraday_weak_low,盘中弱势低位预警,2,10,20260204,20260204131500,4.656,20260204132500,20260204,4.663,20260225,4.764,0.02166,-0.011366,-0.021024
intraday_weak_low,盘中弱势低位预警,2,20,20260204,20260204131500,4.656,20260204132500,20260204,4.663,20260311,4.715,0.011152,-0.022089,-0.045626
intraday_weak_low,盘中弱势低位预警,3,3,20260204,20260204131500,4.656,20260204133000,20260204,4.666,20260206,4.67,0.000857,-0.012002,-0.021024
intraday_weak_low,盘中弱势低位预警,3,5,20260204,20260204131500,4.656,20260204133000,20260204,4.666,20260210,4.736,0.015002,-0.012002,-0.021024
intraday_weak_low,盘中弱势低位预警,3,10,20260204,20260204131500,4.656,20260204133000,20260204,4.666,20260225,4.764,0.021003,-0.012002,-0.021024
intraday_weak_low,盘中弱势低位预警,3,20,20260204,20260204131500,4.656,20260204133000,20260204,4.666,20260311,4.715,0.010502,-0.022718,-0.045626
intraday_weak_low,盘中弱势低位预警,1,3,20260320,20260320134000,4.611,20260320134500,20260320,4.611,20260324,4.4795,-0.028519,-0.044676,-0.049622
intraday_weak_low,盘中弱势低位预警,1,5,20260320,20260320134000,4.611,20260320134500,20260320,4.611,20260326,4.5175,-0.020278,-0.044676,-0.049622
intraday_weak_low,盘中弱势低位预警,1,10,20260320,20260320134000,4.611,20260320134500,20260320,4.611,20260402,4.5075,-0.022446,-0.044676,-0.049622
intraday_weak_low,盘中弱势低位预警,1,20,20260320,20260320134000,4.611,20260320134500,20260320,4.611,20260417,4.7445,0.028953,-0.044676,-0.049622
intraday_weak_low,盘中弱势低位预警,2,3,20260320,20260320134000,4.611,20260320135000,20260320,4.612,20260324,4.4795,-0.028729,-0.044883,-0.049622
intraday_weak_low,盘中弱势低位预警,2,5,20260320,20260320134000,4.611,20260320135000,20260320,4.612,20260326,4.5175,-0.02049,-0.044883,-0.049622
intraday_weak_low,盘中弱势低位预警,2,10,20260320,20260320134000,4.611,20260320135000,20260320,4.612,20260402,4.5075,-0.022658,-0.044883,-0.049622
intraday_weak_low,盘中弱势低位预警,2,20,20260320,20260320134000,4.611,20260320135000,20260320,4.612,20260417,4.7445,0.028729,-0.044883,-0.049622
intraday_weak_low,盘中弱势低位预警,3,3,20260320,20260320134000,4.611,20260320135500,20260320,4.612,20260324,4.4795,-0.028729,-0.044883,-0.049622
intraday_weak_low,盘中弱势低位预警,3,5,20260320,20260320134000,4.611,20260320135500,20260320,4.612,20260326,4.5175,-0.02049,-0.044883,-0.049622
intraday_weak_low,盘中弱势低位预警,3,10,20260320,20260320134000,4.611,20260320135500,20260320,4.612,20260402,4.5075,-0.022658,-0.044883,-0.049622
intraday_weak_low,盘中弱势低位预警,3,20,20260320,20260320134000,4.611,20260320135500,20260320,4.612,20260417,4.7445,0.028729,-0.044883,-0.049622
intraday_weak_low,盘中弱势低位预警,1,3,20260323,20260323130500,4.488,20260323131000,20260323,4.487,20260325,4.5465,0.013261,-0.018275,-0.029094
intraday_weak_low,盘中弱势低位预警,1,5,20260323,20260323130500,4.488,20260323131000,20260323,4.487,20260327,4.519,0.007132,-0.018275,-0.029094
intraday_weak_low,盘中弱势低位预警,1,10,20260323,20260323130500,4.488,20260323131000,20260323,4.487,20260403,4.48,-0.00156,-0.018275,-0.029094
intraday_weak_low,盘中弱势低位预警,1,20,20260323,20260323130500,4.488,20260323131000,20260323,4.487,20260420,4.771,0.063294,-0.018275,-0.029094
intraday_weak_low,盘中弱势低位预警,2,3,20260323,20260323130500,4.488,20260323131500,20260323,4.475,20260325,4.5465,0.015978,-0.015642,-0.029094
intraday_weak_low,盘中弱势低位预警,2,5,20260323,20260323130500,4.488,20260323131500,20260323,4.475,20260327,4.519,0.009832,-0.015642,-0.029094
intraday_weak_low,盘中弱势低位预警,2,10,20260323,20260323130500,4.488,20260323131500,20260323,4.475,20260403,4.48,0.001117,-0.015642,-0.029094
intraday_weak_low,盘中弱势低位预警,2,20,20260323,20260323130500,4.488,20260323131500,20260323,4.475,20260420,4.771,0.066145,-0.015642,-0.029094
intraday_weak_low,盘中弱势低位预警,3,3,20260323,20260323130500,4.488,20260323132000,20260323,4.477,20260325,4.5465,0.015524,-0.016082,-0.029094
intraday_weak_low,盘中弱势低位预警,3,5,20260323,20260323130500,4.488,20260323132000,20260323,4.477,20260327,4.519,0.009381,-0.016082,-0.029094
intraday_weak_low,盘中弱势低位预警,3,10,20260323,20260323130500,4.488,20260323132000,20260323,4.477,20260403,4.48,0.00067,-0.016082,-0.029094
intraday_weak_low,盘中弱势低位预警,3,20,20260323,20260323130500,4.488,20260323132000,20260323,4.477,20260420,4.771,0.065669,-0.016082,-0.029094
intraday_weak_low,盘中弱势低位预警,1,3,20260324,20260324131000,4.431,20260324131500,20260324,4.431,20260326,4.5175,0.019522,-0.005868,-0.016741
intraday_weak_low,盘中弱势低位预警,1,5,20260324,20260324131000,4.431,20260324131500,20260324,4.431,20260330,4.5025,0.016136,-0.005868,-0.022862
intraday_weak_low,盘中弱势低位预警,1,10,20260324,20260324131000,4.431,20260324131500,20260324,4.431,20260407,4.458,0.006093,-0.005868,-0.02594
intraday_weak_low,盘中弱势低位预警,1,20,20260324,20260324131000,4.431,20260324131500,20260324,4.431,20260421,4.781,0.078989,-0.005868,-0.02594
intraday_weak_low,盘中弱势低位预警,2,3,20260324,20260324131000,4.431,20260324132000,20260324,4.435,20260326,4.5175,0.018602,-0.006764,-0.016741
intraday_weak_low,盘中弱势低位预警,2,5,20260324,20260324131000,4.431,20260324132000,20260324,4.435,20260330,4.5025,0.01522,-0.006764,-0.022862
intraday_weak_low,盘中弱势低位预警,2,10,20260324,20260324131000,4.431,20260324132000,20260324,4.435,20260407,4.458,0.005186,-0.006764,-0.02594
intraday_weak_low,盘中弱势低位预警,2,20,20260324,20260324131000,4.431,20260324132000,20260324,4.435,20260421,4.781,0.078016,-0.006764,-0.02594
intraday_weak_low,盘中弱势低位预警,3,3,20260324,20260324131000,4.431,20260324132500,20260324,4.436,20260326,4.5175,0.018372,-0.006988,-0.016741
intraday_weak_low,盘中弱势低位预警,3,5,20260324,20260324131000,4.431,20260324132500,20260324,4.436,20260330,4.5025,0.014991,-0.006988,-0.022862
intraday_weak_low,盘中弱势低位预警,3,10,20260324,20260324131000,4.431,20260324132500,20260324,4.436,20260407,4.458,0.004959,-0.006988,-0.02594
intraday_weak_low,盘中弱势低位预警,3,20,20260324,20260324131000,4.431,20260324132500,20260324,4.436,20260421,4.781,0.077773,-0.006988,-0.02594
intraday_weak_low,盘中弱势低位预警,1,3,20260326,20260326130500,4.519,20260326131000,20260326,4.518,20260330,4.5025,-0.003431,-0.016158,-0.022432
intraday_weak_low,盘中弱势低位预警,1,5,20260326,20260326130500,4.519,20260326131000,20260326,4.518,20260401,4.538,0.004427,-0.016158,-0.022432
intraday_weak_low,盘中弱势低位预警,1,10,20260326,20260326130500,4.519,20260326131000,20260326,4.518,20260409,4.579,0.013502,-0.019256,-0.025511
intraday_weak_low,盘中弱势低位预警,1,20,20260326,20260326130500,4.519,20260326131000,20260326,4.518,20260423,4.8175,0.06629,-0.019256,-0.025511
intraday_weak_low,盘中弱势低位预警,2,3,20260326,20260326130500,4.519,20260326131500,20260326,4.51,20260330,4.5025,-0.001663,-0.014412,-0.022432
intraday_weak_low,盘中弱势低位预警,2,5,20260326,20260326130500,4.519,20260326131500,20260326,4.51,20260401,4.538,0.006208,-0.014412,-0.022432
intraday_weak_low,盘中弱势低位预警,2,10,20260326,20260326130500,4.519,20260326131500,20260326,4.51,20260409,4.579,0.015299,-0.017517,-0.025511
intraday_weak_low,盘中弱势低位预警,2,20,20260326,20260326130500,4.519,20260326131500,20260326,4.51,20260423,4.8175,0.068182,-0.017517,-0.025511
intraday_weak_low,盘中弱势低位预警,3,3,20260326,20260326130500,4.519,20260326132000,20260326,4.503,20260330,4.5025,-0.000111,-0.01288,-0.022432
intraday_weak_low,盘中弱势低位预警,3,5,20260326,20260326130500,4.519,20260326132000,20260326,4.503,20260401,4.538,0.007773,-0.01288,-0.022432
intraday_weak_low,盘中弱势低位预警,3,10,20260326,20260326130500,4.519,20260326132000,20260326,4.503,20260409,4.579,0.016878,-0.015989,-0.025511
intraday_weak_low,盘中弱势低位预警,3,20,20260326,20260326130500,4.519,20260326132000,20260326,4.503,20260423,4.8175,0.069842,-0.015989,-0.025511
intraday_weak_low,盘中弱势低位预警,1,3,20260331,20260331130500,4.487,20260331131000,20260331,4.487,20260402,4.5075,0.004569,-0.005572,-0.015852
intraday_weak_low,盘中弱势低位预警,1,5,20260331,20260331130500,4.487,20260331131000,20260331,4.487,20260407,4.458,-0.006463,-0.01248,-0.024439
intraday_weak_low,盘中弱势低位预警,1,10,20260331,20260331130500,4.487,20260331131000,20260331,4.487,20260414,4.712,0.050145,-0.01248,-0.024439
intraday_weak_low,盘中弱势低位预警,2,3,20260331,20260331130500,4.487,20260331131500,20260331,4.483,20260402,4.5075,0.005465,-0.004684,-0.015852
intraday_weak_low,盘中弱势低位预警,2,5,20260331,20260331130500,4.487,20260331131500,20260331,4.483,20260407,4.458,-0.005577,-0.011599,-0.024439
intraday_weak_low,盘中弱势低位预警,2,10,20260331,20260331130500,4.487,20260331131500,20260331,4.483,20260414,4.712,0.051082,-0.011599,-0.024439
intraday_weak_low,盘中弱势低位预警,3,3,20260331,20260331130500,4.487,20260331132000,20260331,4.475,20260402,4.5075,0.007263,-0.002905,-0.015852
intraday_weak_low,盘中弱势低位预警,3,5,20260331,20260331130500,4.487,20260331132000,20260331,4.475,20260407,4.458,-0.003799,-0.009832,-0.024439
intraday_weak_low,盘中弱势低位预警,3,10,20260331,20260331130500,4.487,20260331132000,20260331,4.475,20260414,4.712,0.052961,-0.009832,-0.024439
intraday_weak_low,盘中弱势低位预警,1,3,20260403,20260403130500,4.457,20260403131000,20260403,4.458,20260408,4.603,0.032526,-0.006057,-0.018897
intraday_weak_low,盘中弱势低位预警,1,5,20260403,20260403130500,4.457,20260403131000,20260403,4.458,20260410,4.653,0.043742,-0.006057,-0.018897
intraday_weak_low,盘中弱势低位预警,1,10,20260403,20260403130500,4.457,20260403131000,20260403,4.458,20260417,4.7445,0.064266,-0.006057,-0.018897
intraday_weak_low,盘中弱势低位预警,2,3,20260403,20260403130500,4.457,20260403131500,20260403,4.46,20260408,4.603,0.032063,-0.006502,-0.018897
intraday_weak_low,盘中弱势低位预警,2,5,20260403,20260403130500,4.457,20260403131500,20260403,4.46,20260410,4.653,0.043274,-0.006502,-0.018897
intraday_weak_low,盘中弱势低位预警,2,10,20260403,20260403130500,4.457,20260403131500,20260403,4.46,20260417,4.7445,0.063789,-0.006502,-0.018897
intraday_weak_low,盘中弱势低位预警,3,3,20260403,20260403130500,4.457,20260403132000,20260403,4.456,20260408,4.603,0.032989,-0.00561,-0.018897
intraday_weak_low,盘中弱势低位预警,3,5,20260403,20260403130500,4.457,20260403132000,20260403,4.456,20260410,4.653,0.04421,-0.00561,-0.018897
intraday_weak_low,盘中弱势低位预警,3,10,20260403,20260403130500,4.457,20260403132000,20260403,4.456,20260417,4.7445,0.064744,-0.00561,-0.018897
intraday_weak_volume_repair,盘中弱势低位-量能修复,1,3,20250527,20250527131000,3.74,20250527131500,20250527,3.74,20250529,3.7615,0.005749,-0.003476,-0.010616
intraday_weak_volume_repair,盘中弱势低位-量能修复,1,5,20250527,20250527131000,3.74,20250527131500,20250527,3.74,20250603,3.7535,0.00361,-0.00508,-0.012473
intraday_weak_volume_repair,盘中弱势低位-量能修复,1,10,20250527,20250527131000,3.74,20250527131500,20250527,3.74,20250610,3.7775,0.010027,-0.00508,-0.013688
intraday_weak_volume_repair,盘中弱势低位-量能修复,1,20,20250527,20250527131000,3.74,20250527131500,20250527,3.74,20250624,3.82,0.02139,-0.00508,-0.019407
intraday_weak_volume_repair,盘中弱势低位-量能修复,2,3,20250527,20250527131000,3.74,20250527132000,20250527,3.737,20250529,3.7615,0.006556,-0.002676,-0.010616
intraday_weak_volume_repair,盘中弱势低位-量能修复,2,5,20250527,20250527131000,3.74,20250527132000,20250527,3.737,20250603,3.7535,0.004415,-0.004282,-0.012473
intraday_weak_volume_repair,盘中弱势低位-量能修复,2,10,20250527,20250527131000,3.74,20250527132000,20250527,3.737,20250610,3.7775,0.010838,-0.004282,-0.013688
intraday_weak_volume_repair,盘中弱势低位-量能修复,2,20,20250527,20250527131000,3.74,20250527132000,20250527,3.737,20250624,3.82,0.02221,-0.004282,-0.019407
intraday_weak_volume_repair,盘中弱势低位-量能修复,3,3,20250527,20250527131000,3.74,20250527132500,20250527,3.734,20250529,3.7615,0.007365,-0.001875,-0.010616
intraday_weak_volume_repair,盘中弱势低位-量能修复,3,5,20250527,20250527131000,3.74,20250527132500,20250527,3.734,20250603,3.7535,0.005222,-0.003482,-0.012473
intraday_weak_volume_repair,盘中弱势低位-量能修复,3,10,20250527,20250527131000,3.74,20250527132500,20250527,3.734,20250610,3.7775,0.01165,-0.003482,-0.013688
intraday_weak_volume_repair,盘中弱势低位-量能修复,3,20,20250527,20250527131000,3.74,20250527132500,20250527,3.734,20250624,3.82,0.023032,-0.003482,-0.019407
intraday_weak_volume_repair,盘中弱势低位-量能修复,1,3,20250801,20250801131000,4.017,20250801131500,20250801,4.016,20250805,4.061,0.011205,-0.005478,-0.011141
intraday_weak_volume_repair,盘中弱势低位-量能修复,1,5,20250801,20250801131000,4.017,20250801131500,20250801,4.016,20250807,4.0785,0.015563,-0.005478,-0.011141
intraday_weak_volume_repair,盘中弱势低位-量能修复,1,10,20250801,20250801131000,4.017,20250801131500,20250801,4.016,20250814,4.1565,0.034985,-0.005478,-0.013158
intraday_weak_volume_repair,盘中弱势低位-量能修复,1,20,20250801,20250801131000,4.017,20250801131500,20250801,4.016,20250828,4.437,0.104831,-0.005478,-0.029807
intraday_weak_volume_repair,盘中弱势低位-量能修复,2,3,20250801,20250801131000,4.017,20250801132000,20250801,4.01,20250805,4.061,0.012718,-0.00399,-0.011141
intraday_weak_volume_repair,盘中弱势低位-量能修复,2,5,20250801,20250801131000,4.017,20250801132000,20250801,4.01,20250807,4.0785,0.017082,-0.00399,-0.011141
intraday_weak_volume_repair,盘中弱势低位-量能修复,2,10,20250801,20250801131000,4.017,20250801132000,20250801,4.01,20250814,4.1565,0.036534,-0.00399,-0.013158
intraday_weak_volume_repair,盘中弱势低位-量能修复,2,20,20250801,20250801131000,4.017,20250801132000,20250801,4.01,20250828,4.437,0.106484,-0.00399,-0.029807
intraday_weak_volume_repair,盘中弱势低位-量能修复,3,3,20250801,20250801131000,4.017,20250801132500,20250801,4.01,20250805,4.061,0.012718,-0.00399,-0.011141
intraday_weak_volume_repair,盘中弱势低位-量能修复,3,5,20250801,20250801131000,4.017,20250801132500,20250801,4.01,20250807,4.0785,0.017082,-0.00399,-0.011141
intraday_weak_volume_repair,盘中弱势低位-量能修复,3,10,20250801,20250801131000,4.017,20250801132500,20250801,4.01,20250814,4.1565,0.036534,-0.00399,-0.013158
intraday_weak_volume_repair,盘中弱势低位-量能修复,3,20,20250801,20250801131000,4.017,20250801132500,20250801,4.01,20250828,4.437,0.106484,-0.00399,-0.029807
intraday_weak_volume_repair,盘中弱势低位-量能修复,1,3,20251020,20251020143000,4.51,20251020143500,20251020,4.51,20251022,4.5785,0.015188,-0.001996,-0.015435
intraday_weak_volume_repair,盘中弱势低位-量能修复,1,5,20251020,20251020143000,4.51,20251020143500,20251020,4.51,20251024,4.648,0.030599,-0.001996,-0.017609
intraday_weak_volume_repair,盘中弱势低位-量能修复,1,10,20251020,20251020143000,4.51,20251020143500,20251020,4.51,20251031,4.668,0.035033,-0.001996,-0.025047
intraday_weak_volume_repair,盘中弱势低位-量能修复,1,20,20251020,20251020143000,4.51,20251020143500,20251020,4.51,20251114,4.6455,0.030044,-0.001996,-0.043359
intraday_weak_volume_repair,盘中弱势低位-量能修复,2,3,20251020,20251020143000,4.51,20251020144000,20251020,4.506,20251022,4.5785,0.01609,-0.00111,-0.015435
intraday_weak_volume_repair,盘中弱势低位-量能修复,2,5,20251020,20251020143000,4.51,20251020144000,20251020,4.506,20251024,4.648,0.031514,-0.00111,-0.017609
intraday_weak_volume_repair,盘中弱势低位-量能修复,2,10,20251020,20251020143000,4.51,20251020144000,20251020,4.506,20251031,4.668,0.035952,-0.00111,-0.025047
intraday_weak_volume_repair,盘中弱势低位-量能修复,2,20,20251020,20251020143000,4.51,20251020144000,20251020,4.506,20251114,4.6455,0.030959,-0.00111,-0.043359
intraday_weak_volume_repair,盘中弱势低位-量能修复,3,3,20251020,20251020143000,4.51,20251020144500,20251020,4.509,20251022,4.5785,0.015414,-0.001774,-0.015435
intraday_weak_volume_repair,盘中弱势低位-量能修复,3,5,20251020,20251020143000,4.51,20251020144500,20251020,4.509,20251024,4.648,0.030827,-0.001774,-0.017609
intraday_weak_volume_repair,盘中弱势低位-量能修复,3,10,20251020,20251020143000,4.51,20251020144500,20251020,4.509,20251031,4.668,0.035263,-0.001774,-0.025047
intraday_weak_volume_repair,盘中弱势低位-量能修复,3,20,20251020,20251020143000,4.51,20251020144500,20251020,4.509,20251114,4.6455,0.030273,-0.001774,-0.043359
intraday_weak_volume_repair,盘中弱势低位-量能修复,1,3,20251118,20251118132500,4.56,20251118133000,20251118,4.561,20251120,4.5795,0.004056,-0.004385,-0.012158
intraday_weak_volume_repair,盘中弱势低位-量能修复,1,5,20251118,20251118132500,4.56,20251118133000,20251118,4.561,20251124,4.448,-0.024775,-0.033107,-0.042553
intraday_weak_volume_repair,盘中弱势低位-量能修复,1,10,20251118,20251118132500,4.56,20251118133000,20251118,4.561,20251201,4.5645,0.000767,-0.033107,-0.042553
intraday_weak_volume_repair,盘中弱势低位-量能修复,1,20,20251118,20251118132500,4.56,20251118133000,20251118,4.561,20251215,4.5665,0.001206,-0.033107,-0.044051
intraday_weak_volume_repair,盘中弱势低位-量能修复,2,3,20251118,20251118132500,4.56,20251118133500,20251118,4.557,20251120,4.5795,0.004937,-0.003511,-0.012158
intraday_weak_volume_repair,盘中弱势低位-量能修复,2,5,20251118,20251118132500,4.56,20251118133500,20251118,4.557,20251124,4.448,-0.023919,-0.032258,-0.042553
intraday_weak_volume_repair,盘中弱势低位-量能修复,2,10,20251118,20251118132500,4.56,20251118133500,20251118,4.557,20251201,4.5645,0.001646,-0.032258,-0.042553
intraday_weak_volume_repair,盘中弱势低位-量能修复,2,20,20251118,20251118132500,4.56,20251118133500,20251118,4.557,20251215,4.5665,0.002085,-0.032258,-0.044051
intraday_weak_volume_repair,盘中弱势低位-量能修复,3,3,20251118,20251118132500,4.56,20251118134000,20251118,4.561,20251120,4.5795,0.004056,-0.004385,-0.012158
intraday_weak_volume_repair,盘中弱势低位-量能修复,3,5,20251118,20251118132500,4.56,20251118134000,20251118,4.561,20251124,4.448,-0.024775,-0.033107,-0.042553
intraday_weak_volume_repair,盘中弱势低位-量能修复,3,10,20251118,20251118132500,4.56,20251118134000,20251118,4.561,20251201,4.5645,0.000767,-0.033107,-0.042553
intraday_weak_volume_repair,盘中弱势低位-量能修复,3,20,20251118,20251118132500,4.56,20251118134000,20251118,4.561,20251215,4.5665,0.001206,-0.033107,-0.044051
intraday_weak_volume_repair,盘中弱势低位-量能修复,1,3,20251120,20251120143500,4.563,20251120144000,20251120,4.563,20251124,4.448,-0.025203,-0.033531,-0.042553
intraday_weak_volume_repair,盘中弱势低位-量能修复,1,5,20251120,20251120143500,4.563,20251120144000,20251120,4.563,20251126,4.513,-0.010958,-0.033531,-0.042553
intraday_weak_volume_repair,盘中弱势低位-量能修复,1,10,20251120,20251120143500,4.563,20251120144000,20251120,4.563,20251203,4.5415,-0.004712,-0.033531,-0.042553
intraday_weak_volume_repair,盘中弱势低位-量能修复,1,20,20251120,20251120143500,4.563,20251120144000,20251120,4.563,20251217,4.584,0.004602,-0.033531,-0.044051
intraday_weak_volume_repair,盘中弱势低位-量能修复,2,3,20251120,20251120143500,4.563,20251120144500,20251120,4.568,20251124,4.448,-0.02627,-0.034588,-0.042553
intraday_weak_volume_repair,盘中弱势低位-量能修复,2,5,20251120,20251120143500,4.563,20251120144500,20251120,4.568,20251126,4.513,-0.01204,-0.034588,-0.042553
intraday_weak_volume_repair,盘中弱势低位-量能修复,2,10,20251120,20251120143500,4.563,20251120144500,20251120,4.568,20251203,4.5415,-0.005801,-0.034588,-0.042553
intraday_weak_volume_repair,盘中弱势低位-量能修复,2,20,20251120,20251120143500,4.563,20251120144500,20251120,4.568,20251217,4.584,0.003503,-0.034588,-0.044051
intraday_weak_volume_repair,盘中弱势低位-量能修复,3,3,20251120,20251120143500,4.563,20251120145000,20251120,4.563,20251124,4.448,-0.025203,-0.033531,-0.042553
intraday_weak_volume_repair,盘中弱势低位-量能修复,3,5,20251120,20251120143500,4.563,20251120145000,20251120,4.563,20251126,4.513,-0.010958,-0.033531,-0.042553
intraday_weak_volume_repair,盘中弱势低位-量能修复,3,10,20251120,20251120143500,4.563,20251120145000,20251120,4.563,20251203,4.5415,-0.004712,-0.033531,-0.042553
intraday_weak_volume_repair,盘中弱势低位-量能修复,3,20,20251120,20251120143500,4.563,20251120145000,20251120,4.563,20251217,4.584,0.004602,-0.033531,-0.044051
intraday_weak_volume_repair,盘中弱势低位-量能修复,1,3,20260122,20260122144500,4.717,20260122145000,20260122,4.716,20260126,4.736,0.004241,-0.006149,-0.015336
intraday_weak_volume_repair,盘中弱势低位-量能修复,1,5,20260122,20260122144500,4.717,20260122145000,20260122,4.716,20260128,4.734,0.003817,-0.007846,-0.017017
intraday_weak_volume_repair,盘中弱势低位-量能修复,1,10,20260122,20260122144500,4.717,20260122145000,20260122,4.716,20260204,4.708,-0.001696,-0.027778,-0.040594
intraday_weak_volume_repair,盘中弱势低位-量能修复,1,20,20260122,20260122144500,4.717,20260122145000,20260122,4.716,20260226,4.7445,0.006043,-0.027778,-0.040594
intraday_weak_volume_repair,盘中弱势低位-量能修复,2,3,20260122,20260122144500,4.717,20260122145500,20260122,4.723,20260126,4.736,0.002752,-0.007622,-0.015336
intraday_weak_volume_repair,盘中弱势低位-量能修复,2,5,20260122,20260122144500,4.717,20260122145500,20260122,4.723,20260128,4.734,0.002329,-0.009316,-0.017017
intraday_weak_volume_repair,盘中弱势低位-量能修复,2,10,20260122,20260122144500,4.717,20260122145500,20260122,4.723,20260204,4.708,-0.003176,-0.029219,-0.040594
intraday_weak_volume_repair,盘中弱势低位-量能修复,2,20,20260122,20260122144500,4.717,20260122145500,20260122,4.723,20260226,4.7445,0.004552,-0.029219,-0.040594
intraday_weak_volume_repair,盘中弱势低位-量能修复,3,3,20260122,20260122144500,4.717,20260122150000,20260122,4.721,20260126,4.736,0.003177,-0.007202,-0.015336
intraday_weak_volume_repair,盘中弱势低位-量能修复,3,5,20260122,20260122144500,4.717,20260122150000,20260122,4.721,20260128,4.734,0.002754,-0.008896,-0.017017
intraday_weak_volume_repair,盘中弱势低位-量能修复,3,10,20260122,20260122144500,4.717,20260122150000,20260122,4.721,20260204,4.708,-0.002754,-0.028807,-0.040594
intraday_weak_volume_repair,盘中弱势低位-量能修复,3,20,20260122,20260122144500,4.717,20260122150000,20260122,4.721,20260226,4.7445,0.004978,-0.028807,-0.040594
intraday_weak_volume_repair,盘中弱势低位-量能修复,1,3,20260123,20260123144500,4.704,20260123145000,20260123,4.704,20260127,4.726,0.004677,-0.005315,-0.017017
intraday_weak_volume_repair,盘中弱势低位-量能修复,1,5,20260123,20260123144500,4.704,20260123145000,20260123,4.704,20260129,4.7735,0.014775,-0.005315,-0.017017
intraday_weak_volume_repair,盘中弱势低位-量能修复,1,10,20260123,20260123144500,4.704,20260123145000,20260123,4.704,20260205,4.687,-0.003614,-0.025298,-0.040594
intraday_weak_volume_repair,盘中弱势低位-量能修复,1,20,20260123,20260123144500,4.704,20260123145000,20260123,4.704,20260227,4.7285,0.005208,-0.025298,-0.040594
intraday_weak_volume_repair,盘中弱势低位-量能修复,2,3,20260123,20260123144500,4.704,20260123145500,20260123,4.703,20260127,4.726,0.00489,-0.005103,-0.017017
intraday_weak_volume_repair,盘中弱势低位-量能修复,2,5,20260123,20260123144500,4.704,20260123145500,20260123,4.703,20260129,4.7735,0.01499,-0.005103,-0.017017
intraday_weak_volume_repair,盘中弱势低位-量能修复,2,10,20260123,20260123144500,4.704,20260123145500,20260123,4.703,20260205,4.687,-0.003402,-0.02509,-0.040594
intraday_weak_volume_repair,盘中弱势低位-量能修复,2,20,20260123,20260123144500,4.704,20260123145500,20260123,4.703,20260227,4.7285,0.005422,-0.02509,-0.040594
intraday_weak_volume_repair,盘中弱势低位-量能修复,3,3,20260123,20260123144500,4.704,20260123150000,20260123,4.701,20260127,4.726,0.005318,-0.00468,-0.017017
intraday_weak_volume_repair,盘中弱势低位-量能修复,3,5,20260123,20260123144500,4.704,20260123150000,20260123,4.701,20260129,4.7735,0.015422,-0.00468,-0.017017
intraday_weak_volume_repair,盘中弱势低位-量能修复,3,10,20260123,20260123144500,4.704,20260123150000,20260123,4.701,20260205,4.687,-0.002978,-0.024676,-0.040594
intraday_weak_volume_repair,盘中弱势低位-量能修复,3,20,20260123,20260123144500,4.704,20260123150000,20260123,4.701,20260227,4.7285,0.00585,-0.024676,-0.040594
intraday_weak_volume_repair,盘中弱势低位-量能修复,1,3,20260202,20260202131000,4.657,20260202131500,20260202,4.656,20260204,4.708,0.011168,-0.015249,-0.028396
intraday_weak_volume_repair,盘中弱势低位-量能修复,1,5,20260202,20260202131000,4.657,20260202131500,20260202,4.656,20260206,4.67,0.003007,-0.015249,-0.028396
intraday_weak_volume_repair,盘中弱势低位-量能修复,1,10,20260202,20260202131000,4.657,20260202131500,20260202,4.656,20260213,4.6925,0.007839,-0.015249,-0.028396
intraday_weak_volume_repair,盘中弱势低位-量能修复,1,20,20260202,20260202131000,4.657,20260202131500,20260202,4.656,20260309,4.6335,-0.004832,-0.020619,-0.045626
intraday_weak_volume_repair,盘中弱势低位-量能修复,2,3,20260202,20260202131000,4.657,20260202132000,20260202,4.651,20260204,4.708,0.012255,-0.01419,-0.028396
intraday_weak_volume_repair,盘中弱势低位-量能修复,2,5,20260202,20260202131000,4.657,20260202132000,20260202,4.651,20260206,4.67,0.004085,-0.01419,-0.028396
intraday_weak_volume_repair,盘中弱势低位-量能修复,2,10,20260202,20260202131000,4.657,20260202132000,20260202,4.651,20260213,4.6925,0.008923,-0.01419,-0.028396
intraday_weak_volume_repair,盘中弱势低位-量能修复,2,20,20260202,20260202131000,4.657,20260202132000,20260202,4.651,20260309,4.6335,-0.003763,-0.019566,-0.045626
intraday_weak_volume_repair,盘中弱势低位-量能修复,3,3,20260202,20260202131000,4.657,20260202132500,20260202,4.639,20260204,4.708,0.014874,-0.01164,-0.028396
intraday_weak_volume_repair,盘中弱势低位-量能修复,3,5,20260202,20260202131000,4.657,20260202132500,20260202,4.639,20260206,4.67,0.006682,-0.01164,-0.028396
intraday_weak_volume_repair,盘中弱势低位-量能修复,3,10,20260202,20260202131000,4.657,20260202132500,20260202,4.639,20260213,4.6925,0.011533,-0.01164,-0.028396
intraday_weak_volume_repair,盘中弱势低位-量能修复,3,20,20260202,20260202131000,4.657,20260202132500,20260202,4.639,20260309,4.6335,-0.001186,-0.01703,-0.045626
intraday_weak_volume_repair,盘中弱势低位-量能修复,1,3,20260323,20260323130500,4.488,20260323131000,20260323,4.487,20260325,4.5465,0.013261,-0.018275,-0.029094
intraday_weak_volume_repair,盘中弱势低位-量能修复,1,5,20260323,20260323130500,4.488,20260323131000,20260323,4.487,20260327,4.519,0.007132,-0.018275,-0.029094
intraday_weak_volume_repair,盘中弱势低位-量能修复,1,10,20260323,20260323130500,4.488,20260323131000,20260323,4.487,20260403,4.48,-0.00156,-0.018275,-0.029094
intraday_weak_volume_repair,盘中弱势低位-量能修复,1,20,20260323,20260323130500,4.488,20260323131000,20260323,4.487,20260420,4.771,0.063294,-0.018275,-0.029094
intraday_weak_volume_repair,盘中弱势低位-量能修复,2,3,20260323,20260323130500,4.488,20260323131500,20260323,4.475,20260325,4.5465,0.015978,-0.015642,-0.029094
intraday_weak_volume_repair,盘中弱势低位-量能修复,2,5,20260323,20260323130500,4.488,20260323131500,20260323,4.475,20260327,4.519,0.009832,-0.015642,-0.029094
intraday_weak_volume_repair,盘中弱势低位-量能修复,2,10,20260323,20260323130500,4.488,20260323131500,20260323,4.475,20260403,4.48,0.001117,-0.015642,-0.029094
intraday_weak_volume_repair,盘中弱势低位-量能修复,2,20,20260323,20260323130500,4.488,20260323131500,20260323,4.475,20260420,4.771,0.066145,-0.015642,-0.029094
intraday_weak_volume_repair,盘中弱势低位-量能修复,3,3,20260323,20260323130500,4.488,20260323132000,20260323,4.477,20260325,4.5465,0.015524,-0.016082,-0.029094
intraday_weak_volume_repair,盘中弱势低位-量能修复,3,5,20260323,20260323130500,4.488,20260323132000,20260323,4.477,20260327,4.519,0.009381,-0.016082,-0.029094
intraday_weak_volume_repair,盘中弱势低位-量能修复,3,10,20260323,20260323130500,4.488,20260323132000,20260323,4.477,20260403,4.48,0.00067,-0.016082,-0.029094
intraday_weak_volume_repair,盘中弱势低位-量能修复,3,20,20260323,20260323130500,4.488,20260323132000,20260323,4.477,20260420,4.771,0.065669,-0.016082,-0.029094
intraday_weak_volume_repair,盘中弱势低位-量能修复,1,3,20260326,20260326132000,4.504,20260326132500,20260326,4.504,20260330,4.5025,-0.000333,-0.013099,-0.022432
intraday_weak_volume_repair,盘中弱势低位-量能修复,1,5,20260326,20260326132000,4.504,20260326132500,20260326,4.504,20260401,4.538,0.007549,-0.013099,-0.022432
intraday_weak_volume_repair,盘中弱势低位-量能修复,1,10,20260326,20260326132000,4.504,20260326132500,20260326,4.504,20260409,4.579,0.016652,-0.016208,-0.025511
intraday_weak_volume_repair,盘中弱势低位-量能修复,1,20,20260326,20260326132000,4.504,20260326132500,20260326,4.504,20260423,4.8175,0.069605,-0.016208,-0.025511
intraday_weak_volume_repair,盘中弱势低位-量能修复,2,3,20260326,20260326132000,4.504,20260326133000,20260326,4.496,20260330,4.5025,0.001446,-0.011343,-0.022432
intraday_weak_volume_repair,盘中弱势低位-量能修复,2,5,20260326,20260326132000,4.504,20260326133000,20260326,4.496,20260401,4.538,0.009342,-0.011343,-0.022432
intraday_weak_volume_repair,盘中弱势低位-量能修复,2,10,20260326,20260326132000,4.504,20260326133000,20260326,4.496,20260409,4.579,0.018461,-0.014457,-0.025511
intraday_weak_volume_repair,盘中弱势低位-量能修复,2,20,20260326,20260326132000,4.504,20260326133000,20260326,4.496,20260423,4.8175,0.071508,-0.014457,-0.025511
intraday_weak_volume_repair,盘中弱势低位-量能修复,3,3,20260326,20260326132000,4.504,20260326133500,20260326,4.497,20260330,4.5025,0.001223,-0.011563,-0.022432
intraday_weak_volume_repair,盘中弱势低位-量能修复,3,5,20260326,20260326132000,4.504,20260326133500,20260326,4.497,20260401,4.538,0.009117,-0.011563,-0.022432
intraday_weak_volume_repair,盘中弱势低位-量能修复,3,10,20260326,20260326132000,4.504,20260326133500,20260326,4.497,20260409,4.579,0.018234,-0.014676,-0.025511
intraday_weak_volume_repair,盘中弱势低位-量能修复,3,20,20260326,20260326132000,4.504,20260326133500,20260326,4.497,20260423,4.8175,0.07127,-0.014676,-0.025511
intraday_weak_volume_repair,盘中弱势低位-量能修复,1,3,20260403,20260403131500,4.456,20260403132000,20260403,4.456,20260408,4.603,0.032989,-0.00561,-0.018897
intraday_weak_volume_repair,盘中弱势低位-量能修复,1,5,20260403,20260403131500,4.456,20260403132000,20260403,4.456,20260410,4.653,0.04421,-0.00561,-0.018897
intraday_weak_volume_repair,盘中弱势低位-量能修复,1,10,20260403,20260403131500,4.456,20260403132000,20260403,4.456,20260417,4.7445,0.064744,-0.00561,-0.018897
intraday_weak_volume_repair,盘中弱势低位-量能修复,2,3,20260403,20260403131500,4.456,20260403132500,20260403,4.451,20260408,4.603,0.03415,-0.004493,-0.018897
intraday_weak_volume_repair,盘中弱势低位-量能修复,2,5,20260403,20260403131500,4.456,20260403132500,20260403,4.451,20260410,4.653,0.045383,-0.004493,-0.018897
intraday_weak_volume_repair,盘中弱势低位-量能修复,2,10,20260403,20260403131500,4.456,20260403132500,20260403,4.451,20260417,4.7445,0.06594,-0.004493,-0.018897
intraday_weak_volume_repair,盘中弱势低位-量能修复,3,3,20260403,20260403131500,4.456,20260403133000,20260403,4.451,20260408,4.603,0.03415,-0.004493,-0.018897
intraday_weak_volume_repair,盘中弱势低位-量能修复,3,5,20260403,20260403131500,4.456,20260403133000,20260403,4.451,20260410,4.653,0.045383,-0.004493,-0.018897
intraday_weak_volume_repair,盘中弱势低位-量能修复,3,10,20260403,20260403131500,4.456,20260403133000,20260403,4.451,20260417,4.7445,0.06594,-0.004493,-0.018897
