trade_date,stock,close,cash,shares,market_value,total_equity,ma_short,ma_long,rsi,volume,volume_ma,action,reason
20240102,600519.SH,1685.01,100000.0,0,0.0,100000.0,,,0.0,32156,,hold,无信号
20240103,600519.SH,1694.0,100000.0,0,0.0,100000.0,,,0.0,20229,,hold,无信号
20240104,600519.SH,1669.0,100000.0,0,0.0,100000.0,,,0.0,21551,,hold,无信号
20240105,600519.SH,1663.36,100000.0,0,0.0,100000.0,,,0.0,20243,,hold,无信号
20240108,600519.SH,1643.99,100000.0,0,0.0,100000.0,1671.072,,0.0,25586,23953.0,hold,无信号
20240109,600519.SH,1641.0,100000.0,0,0.0,100000.0,1662.27,,0.0,24412,22404.2,hold,无信号
20240110,600519.SH,1641.5,100000.0,0,0.0,100000.0,1651.77,,0.0,17351,21828.6,hold,无信号
20240111,600519.SH,1646.57,100000.0,0,0.0,100000.0,1647.284,,0.0,16441,20806.6,hold,无信号
20240112,600519.SH,1643.06,100000.0,0,0.0,100000.0,1643.224,,0.0,11603,19078.6,hold,无信号
20240115,600519.SH,1640.0,100000.0,0,0.0,100000.0,1642.426,,0.0,17854,17532.2,hold,无信号
20240116,600519.SH,1639.43,100000.0,0,0.0,100000.0,1642.112,,0.0,25903,17830.4,hold,无信号
20240117,600519.SH,1577.0,100000.0,0,0.0,100000.0,1629.212,,0.0,51633,24686.8,hold,无信号
20240118,600519.SH,1610.87,100000.0,0,0.0,100000.0,1622.072,,0.0,60440,33486.6,hold,无信号
20240119,600519.SH,1635.0,100000.0,0,0.0,100000.0,1620.46,,0.0,46378,40441.6,hold,无信号
20240122,600519.SH,1642.0,100000.0,0,0.0,100000.0,1620.86,,39.3608,46946,46260.0,hold,无信号
20240123,600519.SH,1619.0,100000.0,0,0.0,100000.0,1616.774,,32.6501,34835,48046.4,hold,无信号
20240124,600519.SH,1626.0,100000.0,0,0.0,100000.0,1626.574,,39.1491,33216,44363.0,hold,无信号
20240125,600519.SH,1638.0,100000.0,0,0.0,100000.0,1632.0,,43.7995,31206,38516.2,hold,无信号
20240126,600519.SH,1637.32,100000.0,0,0.0,100000.0,1632.464,,48.2052,26955,34631.6,hold,无信号
20240129,600519.SH,1650.0,100000.0,0,0.0,100000.0,1634.064,1642.1055,52.3018,31421,31526.6,hold,无信号
20240130,600519.SH,1613.0,100000.0,0,0.0,100000.0,1632.864,1638.505,43.8578,30866,30732.8,hold,无信号
20240131,600519.SH,1604.91,100000.0,0,0.0,100000.0,1628.646,1634.0505,41.1369,29649,30019.4,hold,无信号
20240201,600519.SH,1610.03,100000.0,0,0.0,100000.0,1623.052,1631.102,43.0207,26485,29075.2,hold,无信号
20240202,600519.SH,1596.0,100000.0,0,0.0,100000.0,1614.788,1627.734,41.1147,39382,31560.6,hold,无信号
20240205,600519.SH,1630.01,100000.0,0,0.0,100000.0,1610.79,1627.035,48.3241,53130,35902.4,hold,无信号
20240206,600519.SH,1676.0,100000.0,0,0.0,100000.0,1623.39,1628.785,68.7075,52472,40223.6,hold,无信号
20240207,600519.SH,1710.99,100000.0,0,0.0,100000.0,1644.606,1632.2595,68.8394,52601,44814.0,hold,现金不足以买入一手
20240208,600519.SH,1706.0,100000.0,0,0.0,100000.0,1663.8,1635.231,64.397,46757,48868.4,hold,无信号
20240219,600519.SH,1695.43,100000.0,0,0.0,100000.0,1683.686,1637.8495,60.6796,36977,48387.4,hold,无信号
20240220,600519.SH,1670.0,100000.0,0,0.0,100000.0,1691.684,1639.3495,60.0958,34470,44655.4,hold,无信号
20240221,600519.SH,1717.66,100000.0,0,0.0,100000.0,1700.016,1643.261,65.6288,46154,43391.8,hold,现金不足以买入一手
20240222,600519.SH,1718.38,100000.0,0,0.0,100000.0,1701.494,1650.33,64.2538,22794,37430.4,hold,无信号
20240223,600519.SH,1714.09,100000.0,0,0.0,100000.0,1703.112,1655.491,63.4415,27306,33540.2,hold,无信号
20240226,600519.SH,1694.98,100000.0,0,0.0,100000.0,1703.022,1658.49,57.7021,27318,31608.4,hold,无信号
20240227,600519.SH,1689.5,100000.0,0,0.0,100000.0,1706.922,1660.865,64.6844,22080,29130.4,hold,无信号
20240228,600519.SH,1681.55,100000.0,0,0.0,100000.0,1699.7,1663.9925,64.7192,31867,26273.0,hold,无信号
20240229,600519.SH,1695.0,100000.0,0,0.0,100000.0,1695.024,1667.4425,65.8131,24758,26665.8,hold,无信号
20240301,600519.SH,1685.06,100000.0,0,0.0,100000.0,1689.218,1669.7955,66.8304,26868,26578.2,hold,无信号
20240304,600519.SH,1676.3,100000.0,0,0.0,100000.0,1685.482,1671.7445,59.6707,26485,26411.6,hold,无信号
20240305,600519.SH,1695.1,100000.0,0,0.0,100000.0,1686.602,1673.9995,54.5017,36238,29243.2,hold,无信号
20240306,600519.SH,1680.55,100000.0,0,0.0,100000.0,1686.402,1677.377,42.0605,22142,27298.2,hold,无信号
20240307,600519.SH,1683.63,100000.0,0,0.0,100000.0,1684.128,1681.313,44.1066,21599,26666.4,hold,无信号
20240308,600519.SH,1671.43,100000.0,0,0.0,100000.0,1681.402,1684.383,43.7311,22156,25724.0,hold,无信号
20240311,600519.SH,1694.49,100000.0,0,0.0,100000.0,1685.04,1689.3075,56.4771,29895,26406.0,hold,无信号
20240312,600519.SH,1745.0,100000.0,0,0.0,100000.0,1695.02,1695.057,57.1235,54227,30003.8,hold,无信号
20240313,600519.SH,1727.45,100000.0,0,0.0,100000.0,1704.4,1697.6295,52.1727,26500,30875.4,hold,无信号
20240314,600519.SH,1716.63,100000.0,0,0.0,100000.0,1711.0,1697.9115,50.59,19405,30436.6,hold,无信号
20240315,600519.SH,1717.49,100000.0,0,0.0,100000.0,1720.212,1698.486,55.7129,17834,29572.2,hold,无信号
20240318,600519.SH,1708.26,100000.0,0,0.0,100000.0,1722.966,1699.1275,54.6722,26055,28804.2,hold,无信号
20240319,600519.SH,1708.02,100000.0,0,0.0,100000.0,1715.57,1701.0285,56.8557,23948,22748.4,hold,无信号
20240320,600519.SH,1709.6,100000.0,0,0.0,100000.0,1712.0,1700.6255,54.0291,15249,20498.2,hold,无信号
20240321,600519.SH,1709.0,100000.0,0,0.0,100000.0,1710.474,1700.1565,56.9658,16596,19936.4,hold,无信号
20240322,600519.SH,1701.35,100000.0,0,0.0,100000.0,1707.246,1699.5195,57.3361,25456,21460.8,hold,无信号
20240325,600519.SH,1689.01,100000.0,0,0.0,100000.0,1703.396,1699.221,48.1463,24473,21144.4,hold,无信号
20240326,600519.SH,1709.29,100000.0,0,0.0,100000.0,1703.65,1700.2105,58.4529,28069,21968.6,hold,现金不足以买入一手
20240327,600519.SH,1701.0,100000.0,0,0.0,100000.0,1701.93,1701.183,54.9569,18113,22541.4,hold,无信号
20240328,600519.SH,1701.64,100000.0,0,0.0,100000.0,1700.458,1701.515,59.2301,24642,24150.6,hold,无信号
20240329,600519.SH,1702.9,100000.0,0,0.0,100000.0,1700.768,1702.407,52.9644,13457,21750.8,hold,无信号
20240401,600519.SH,1721.33,100000.0,0,0.0,100000.0,1707.232,1704.6585,39.2184,27131,22282.4,hold,无信号
20240402,600519.SH,1713.99,100000.0,0,0.0,100000.0,1708.172,1705.603,43.2403,25449,21758.4,hold,无信号
20240403,600519.SH,1715.11,100000.0,0,0.0,100000.0,1710.994,1707.331,49.1542,29046,23945.0,hold,无信号
20240408,600519.SH,1666.66,100000.0,0,0.0,100000.0,1703.998,1706.4825,31.5096,59167,30850.0,hold,无信号
20240409,600519.SH,1662.22,100000.0,0,0.0,100000.0,1695.862,1706.022,32.6474,25590,33276.6,hold,无信号
20240410,600519.SH,1647.98,100000.0,0,0.0,100000.0,1681.192,1703.6965,29.5309,27631,33376.6,hold,无信号
20240411,600519.SH,1648.0,100000.0,0,0.0,100000.0,1667.994,1698.8465,28.7733,22766,32840.0,hold,无信号
20240412,600519.SH,1634.03,100000.0,0,0.0,100000.0,1651.778,1694.1755,26.3457,26744,32379.6,hold,无信号
20240415,600519.SH,1672.98,100000.0,0,0.0,100000.0,1653.042,1691.993,42.5252,35818,27709.8,hold,无信号
20240416,600519.SH,1670.0,100000.0,0,0.0,100000.0,1654.598,1689.6185,44.7314,26266,27845.0,hold,无信号
20240417,600519.SH,1667.0,100000.0,0,0.0,100000.0,1658.402,1687.5555,37.0379,24819,27282.6,hold,无信号
20240418,600519.SH,1670.78,100000.0,0,0.0,100000.0,1662.958,1685.6935,40.4741,26568,28043.0,hold,无信号
20240419,600519.SH,1646.64,100000.0,0,0.0,100000.0,1665.48,1682.5455,34.9001,23500,27394.2,hold,无信号
20240422,600519.SH,1675.06,100000.0,0,0.0,100000.0,1665.896,1680.8485,43.3486,29951,26220.8,hold,无信号
20240423,600519.SH,1692.28,100000.0,0,0.0,100000.0,1670.352,1680.395,43.0192,24980,25963.6,hold,无信号
20240424,600519.SH,1693.6,100000.0,0,0.0,100000.0,1675.672,1680.6245,44.9542,17086,24417.0,hold,无信号
20240425,600519.SH,1693.04,100000.0,0,0.0,100000.0,1680.124,1679.812,44.5233,14476,21998.6,hold,无信号
20240426,600519.SH,1709.43,100000.0,0,0.0,100000.0,1692.682,1680.2335,62.6217,30996,23497.8,hold,现金不足以买入一手
20240429,600519.SH,1704.0,100000.0,0,0.0,100000.0,1698.47,1680.3515,62.258,41332,25774.0,hold,现金不足以买入一手
20240430,600519.SH,1705.0,100000.0,0,0.0,100000.0,1701.014,1680.4565,68.1384,30760,26930.0,hold,现金不足以买入一手
20240506,600519.SH,1760.2,100000.0,0,0.0,100000.0,1714.334,1682.4,76.4174,59909,35494.6,hold,现金不足以买入一手
20240507,600519.SH,1770.0,100000.0,0,0.0,100000.0,1729.726,1685.2005,82.6553,24925,37584.4,hold,无信号
20240508,600519.SH,1763.97,100000.0,0,0.0,100000.0,1740.634,1687.6435,75.9571,14769,34339.0,hold,无信号
20240509,600519.SH,1756.0,100000.0,0,0.0,100000.0,1751.034,1692.1105,73.8544,22387,30550.0,hold,无信号
20240510,600519.SH,1738.98,100000.0,0,0.0,100000.0,1757.83,1695.9485,68.5248,26207,29639.4,hold,无信号
20240513,600519.SH,1706.0,100000.0,0,0.0,100000.0,1746.99,1698.8495,57.8799,37662,25190.0,hold,无信号
20240514,600519.SH,1701.98,100000.0,0,0.0,100000.0,1733.386,1701.5485,63.6064,21274,24459.8,hold,无信号
20240515,600519.SH,1700.0,100000.0,0,0.0,100000.0,1720.592,1704.847,57.0484,15739,24653.8,hold,无信号
20240516,600519.SH,1704.5,100000.0,0,0.0,100000.0,1710.292,1706.423,53.7211,29680,26112.4,hold,无信号
20240517,600519.SH,1715.0,100000.0,0,0.0,100000.0,1705.496,1708.673,56.1714,28924,26655.8,hold,无信号
20240520,600519.SH,1709.0,100000.0,0,0.0,100000.0,1706.096,1710.773,54.4626,31426,25408.6,hold,无信号
20240521,600519.SH,1705.0,100000.0,0,0.0,100000.0,1706.7,1712.484,48.6691,16293,24412.4,hold,无信号
20240522,600519.SH,1697.71,100000.0,0,0.0,100000.0,1706.242,1715.0375,48.1312,20286,25321.8,hold,无信号
20240523,600519.SH,1692.01,100000.0,0,0.0,100000.0,1703.744,1715.885,46.2454,18885,23162.8,hold,无信号
20240524,600519.SH,1677.08,100000.0,0,0.0,100000.0,1696.16,1715.125,18.686,20217,21421.4,hold,无信号
20240527,600519.SH,1670.12,100000.0,0,0.0,100000.0,1688.384,1713.951,11.5491,25098,20155.8,hold,无信号
20240528,600519.SH,1664.64,100000.0,0,0.0,100000.0,1680.312,1712.531,11.5982,23521,21601.4,hold,无信号
20240529,600519.SH,1674.0,100000.0,0,0.0,100000.0,1675.57,1710.7595,18.6353,19651,21474.4,hold,无信号
20240530,600519.SH,1649.0,100000.0,0,0.0,100000.0,1666.968,1708.0095,17.5631,32208,24139.0,hold,无信号
20240531,600519.SH,1648.45,100000.0,0,0.0,100000.0,1661.242,1705.182,22.9227,21857,24467.0,hold,无信号
20240603,600519.SH,1639.39,100000.0,0,0.0,100000.0,1655.096,1699.1415,21.8848,30261,25499.6,hold,无信号
20240604,600519.SH,1653.2,100000.0,0,0.0,100000.0,1652.808,1693.3015,30.9972,20841,24963.6,hold,无信号
20240605,600519.SH,1644.0,100000.0,0,0.0,100000.0,1646.808,1687.303,26.3376,19056,24844.6,hold,无信号
20240606,600519.SH,1639.81,100000.0,0,0.0,100000.0,1644.97,1681.4935,19.0653,25610,23525.0,hold,无信号
20240607,600519.SH,1619.18,100000.0,0,0.0,100000.0,1639.116,1675.5035,17.0167,33525,25858.6,hold,无信号
20240611,600519.SH,1569.0,100000.0,0,0.0,100000.0,1625.038,1668.6535,12.707,70247,33855.8,hold,无信号
20240612,600519.SH,1571.68,100000.0,0,0.0,100000.0,1608.734,1662.1385,14.5445,33171,36321.8,hold,无信号
20240613,600519.SH,1555.01,100000.0,0,0.0,100000.0,1590.936,1654.889,13.699,36186,39747.8,hold,无信号
20240614,600519.SH,1555.0,100000.0,0,0.0,100000.0,1573.974,1647.414,14.8751,59514,46528.6,hold,无信号
20240617,600519.SH,1541.5,100000.0,0,0.0,100000.0,1558.438,1638.739,14.3356,48318,49487.2,hold,无信号
20240618,600519.SH,1521.5,100000.0,0,0.0,100000.0,1548.938,1629.364,13.2673,41258,43689.4,hold,无信号
20240619,600519.SH,1501.0,100000.0,0,0.0,100000.0,1534.802,1619.164,8.0056,41262,45307.6,hold,无信号
20240620,600519.SH,1500.1,100000.0,0,0.0,100000.0,1523.82,1609.2835,9.0664,24711,43012.6,hold,无信号
20240621,600519.SH,1471.0,100000.0,0,0.0,100000.0,1507.02,1598.233,7.8363,43320,39773.8,hold,无信号
20240624,600519.SH,1476.55,100000.0,0,0.0,100000.0,1494.03,1588.2065,10.6515,63840,42878.2,hold,无信号
20240625,600519.SH,1486.65,100000.0,0,0.0,100000.0,1487.06,1579.033,9.0202,42098,43046.2,hold,无信号
20240626,600519.SH,1489.22,100000.0,0,0.0,100000.0,1484.704,1570.262,10.6318,29570,40707.8,hold,无信号
20240627,600519.SH,1490.49,100000.0,0,0.0,100000.0,1482.782,1561.0865,11.4479,32822,42330.0,hold,无信号
20240628,600519.SH,1467.39,100000.0,0,0.0,100000.0,1482.06,1552.006,11.3037,38582,41382.4,hold,无信号
20240701,600519.SH,1440.38,100000.0,0,0.0,100000.0,1474.826,1541.6025,12.818,32161,35046.6,hold,无信号
20240702,600519.SH,1490.7,100000.0,0,0.0,100000.0,1475.636,1534.168,31.6455,51853,36997.6,hold,无信号
20240703,600519.SH,1500.0,100000.0,0,0.0,100000.0,1477.792,1526.508,37.1008,31573,37398.2,hold,无信号
20240704,600519.SH,1485.74,100000.0,0,0.0,100000.0,1476.842,1518.595,34.7767,24380,35709.8,hold,无信号
20240705,600519.SH,1453.0,100000.0,0,0.0,100000.0,1473.964,1509.2545,32.0647,38829,35759.2,hold,无信号
20240708,600519.SH,1420.0,100000.0,0,0.0,100000.0,1469.888,1499.2955,30.4597,39527,37232.4,hold,无信号
20240709,600519.SH,1438.03,100000.0,0,0.0,100000.0,1459.354,1492.747,37.7609,33621,33586.0,hold,无信号
20240710,600519.SH,1437.59,100000.0,0,0.0,100000.0,1446.872,1486.0425,37.8286,23763,32024.0,hold,无信号
20240711,600519.SH,1462.09,100000.0,0,0.0,100000.0,1442.142,1481.3965,48.2335,29020,32952.0,hold,无信号
20240712,600519.SH,1478.82,100000.0,0,0.0,100000.0,1447.306,1477.5875,50.431,23386,29863.4,hold,无信号
20240715,600519.SH,1474.9,100000.0,0,0.0,100000.0,1458.286,1474.2575,47.7157,19176,25793.2,hold,无信号
20240716,600519.SH,1476.0,100000.0,0,0.0,100000.0,1465.88,1471.9825,47.4151,20316,23132.2,hold,无信号
20240717,600519.SH,1501.4,100000.0,0,0.0,100000.0,1478.642,1472.0025,51.9493,34311,25241.8,hold,无信号
20240718,600519.SH,1497.51,100000.0,0,0.0,100000.0,1485.726,1471.873,55.7781,28870,25211.8,hold,现金不足以买入一手
20240719,600519.SH,1525.62,100000.0,0,0.0,100000.0,1495.086,1474.604,66.2833,38943,28323.2,hold,现金不足以买入一手
20240722,600519.SH,1499.0,100000.0,0,0.0,100000.0,1499.906,1475.7265,51.7434,28543,30196.6,hold,无信号
20240723,600519.SH,1455.0,100000.0,0,0.0,100000.0,1495.706,1474.144,41.7504,30944,32322.2,hold,无信号
20240724,600519.SH,1440.02,100000.0,0,0.0,100000.0,1483.43,1471.684,41.6405,24123,30284.6,hold,无信号
20240725,600519.SH,1430.49,100000.0,0,0.0,100000.0,1470.026,1468.684,45.5025,28347,30180.0,hold,无信号
20240726,600519.SH,1422.19,100000.0,0,0.0,100000.0,1449.34,1466.424,50.4855,32354,28862.2,hold,无信号
20240729,600519.SH,1398.02,100000.0,0,0.0,100000.0,1429.144,1464.306,41.3656,30869,29327.4,hold,无信号
20240730,600519.SH,1379.99,100000.0,0,0.0,100000.0,1414.142,1458.7705,38.4467,51779,33494.4,hold,无信号
20240731,600519.SH,1421.28,100000.0,0,0.0,100000.0,1410.394,1454.8345,42.331,43272,37324.2,hold,无信号
20240801,600519.SH,1386.16,100000.0,0,0.0,100000.0,1401.528,1449.8555,33.713,32038,38062.4,hold,无信号
20240802,600519.SH,1385.45,100000.0,0,0.0,100000.0,1394.18,1446.478,34.0978,21928,35977.2,hold,无信号
20240805,600519.SH,1410.01,100000.0,0,0.0,100000.0,1396.578,1445.9785,39.1717,37736,37350.6,hold,无信号
20240806,600519.SH,1404.7,100000.0,0,0.0,100000.0,1401.52,1444.312,33.0124,27444,32483.6,hold,无信号
20240807,600519.SH,1415.5,100000.0,0,0.0,100000.0,1400.364,1443.2075,35.9346,20622,27953.6,hold,无信号
20240808,600519.SH,1430.69,100000.0,0,0.0,100000.0,1409.27,1441.6375,32.9636,25131,26572.2,hold,无信号
20240809,600519.SH,1436.8,100000.0,0,0.0,100000.0,1419.54,1439.5365,37.9504,30138,28214.2,hold,无信号
20240812,600519.SH,1436.1,100000.0,0,0.0,100000.0,1424.758,1437.5965,45.6006,13632,23393.4,hold,无信号
20240813,600519.SH,1423.01,100000.0,0,0.0,100000.0,1428.42,1434.947,46.0054,16308,21166.2,hold,无信号
20240814,600519.SH,1413.3,100000.0,0,0.0,100000.0,1427.98,1430.542,45.9665,13414,19724.6,hold,无信号
20240815,600519.SH,1426.89,100000.0,0,0.0,100000.0,1427.22,1427.011,51.0761,23039,19306.2,hold,无信号
20240816,600519.SH,1431.2,100000.0,0,0.0,100000.0,1426.1,1422.29,58.3568,16455,16569.6,hold,无信号
20240819,600519.SH,1425.44,100000.0,0,0.0,100000.0,1423.968,1418.612,62.2013,20433,17929.8,hold,现金不足以买入一手
20240820,600519.SH,1422.72,100000.0,0,0.0,100000.0,1423.91,1416.998,50.4875,18591,18386.4,hold,无信号
20240821,600519.SH,1417.58,100000.0,0,0.0,100000.0,1424.766,1415.876,63.3475,15092,18722.0,hold,无信号
20240822,600519.SH,1410.05,100000.0,0,0.0,100000.0,1421.398,1414.854,59.8779,19527,18019.6,hold,无信号
20240823,600519.SH,1414.99,100000.0,0,0.0,100000.0,1418.156,1414.494,52.3737,15320,17792.6,hold,无信号
20240826,600519.SH,1412.0,100000.0,0,0.0,100000.0,1415.468,1415.193,53.5582,15628,16831.6,hold,无信号
20240827,600519.SH,1404.07,100000.0,0,0.0,100000.0,1411.738,1416.397,44.2684,13657,15844.8,hold,无信号
20240828,600519.SH,1389.0,100000.0,0,0.0,100000.0,1406.022,1414.783,29.0692,31664,19159.2,hold,无信号
20240829,600519.SH,1413.3,100000.0,0,0.0,100000.0,1406.672,1416.14,40.0238,27472,20748.2,hold,无信号
20240830,600519.SH,1443.19,100000.0,0,0.0,100000.0,1412.312,1419.027,52.4121,38739,25432.0,hold,无信号
20240902,600519.SH,1395.0,100000.0,0,0.0,100000.0,1408.912,1418.2765,42.3079,34135,29133.4,hold,无信号
20240903,600519.SH,1410.0,100000.0,0,0.0,100000.0,1410.098,1418.5415,49.1193,17888,29979.6,hold,无信号
20240904,600519.SH,1400.0,100000.0,0,0.0,100000.0,1412.298,1417.7665,42.6838,14211,26489.0,hold,无信号
20240905,600519.SH,1404.88,100000.0,0,0.0,100000.0,1410.614,1416.476,42.861,14503,23895.2,hold,无信号
20240906,600519.SH,1398.0,100000.0,0,0.0,100000.0,1401.576,1414.536,42.6022,10321,18211.6,hold,无信号
20240909,600519.SH,1375.0,100000.0,0,0.0,100000.0,1397.576,1411.481,38.4028,28638,17112.2,hold,无信号
20240910,600519.SH,1378.0,100000.0,0,0.0,100000.0,1391.176,1409.2305,40.28,19803,17495.2,hold,无信号
20240911,600519.SH,1380.0,100000.0,0,0.0,100000.0,1387.176,1407.5655,42.4143,20996,18852.2,hold,无信号
20240912,600519.SH,1335.06,100000.0,0,0.0,100000.0,1373.212,1402.974,33.2129,47948,25541.2,hold,无信号
20240913,600519.SH,1304.13,100000.0,0,0.0,100000.0,1354.438,1396.6205,29.7244,56005,34678.0,hold,无信号
20240918,600519.SH,1266.9,100000.0,0,0.0,100000.0,1332.818,1388.6935,26.7753,46185,38187.4,hold,无信号
20240919,600519.SH,1261.0,100000.0,0,0.0,100000.0,1309.418,1380.6075,27.6333,59988,46224.4,hold,无信号
20240920,600519.SH,1263.92,100000.0,0,0.0,100000.0,1286.202,1372.9245,21.7895,39982,50021.6,hold,无信号
20240923,600519.SH,1261.54,100000.0,0,0.0,100000.0,1271.498,1365.499,11.7176,45550,49542.0,hold,无信号
20240924,600519.SH,1372.6,100000.0,0,0.0,100000.0,1285.192,1363.3795,46.2682,100413,58423.6,hold,无信号
20240925,600519.SH,1399.0,100000.0,0,0.0,100000.0,1311.612,1362.7295,48.2345,73954,63977.4,hold,无信号
20240926,600519.SH,1529.0,100000.0,0,0.0,100000.0,1365.212,1368.976,64.9472,97278,71435.4,hold,无信号
20240927,600519.SH,1629.2,100000.0,0,0.0,100000.0,1438.268,1380.986,71.2892,87922,81023.4,hold,现金不足以买入一手
20240930,600519.SH,1748.0,100000.0,0,0.0,100000.0,1535.56,1397.721,77.3968,157293,103372.0,hold,现金不足以买入一手
20241008,600519.SH,1723.0,100000.0,0,0.0,100000.0,1605.64,1411.7115,77.1553,194709,122231.2,hold,现金不足以买入一手
20241009,600519.SH,1595.15,100000.0,0,0.0,100000.0,1644.87,1421.719,64.1815,120197,131479.8,hold,无信号
20241010,600519.SH,1640.0,100000.0,0,0.0,100000.0,1667.07,1433.219,66.08,74603,126944.8,hold,无信号
20241011,600519.SH,1604.99,100000.0,0,0.0,100000.0,1662.228,1443.4685,66.9017,41915,117743.4,hold,无信号
20241014,600519.SH,1601.99,100000.0,0,0.0,100000.0,1633.026,1453.324,69.3265,44812,95247.2,hold,无信号
20241015,600519.SH,1554.25,100000.0,0,0.0,100000.0,1599.276,1461.1365,68.3937,43571,65019.6,hold,无信号
20241016,600519.SH,1522.5,100000.0,0,0.0,100000.0,1584.746,1468.5115,66.2028,46664,50313.0,hold,无信号
20241017,600519.SH,1494.6,100000.0,0,0.0,100000.0,1555.666,1474.3415,63.864,39460,43284.4,hold,无信号
20241018,600519.SH,1541.0,100000.0,0,0.0,100000.0,1542.868,1482.3915,65.9516,68619,48625.2,hold,无信号
20241021,600519.SH,1528.8,100000.0,0,0.0,100000.0,1528.23,1492.0785,60.0502,42008,48064.4,hold,无信号
20241022,600519.SH,1543.0,100000.0,0,0.0,100000.0,1525.98,1504.022,59.413,36269,46604.0,hold,无信号
20241023,600519.SH,1567.5,100000.0,0,0.0,100000.0,1534.98,1519.052,52.9193,40088,45288.8,hold,无信号
20241024,600519.SH,1552.2,100000.0,0,0.0,100000.0,1546.5,1533.612,43.2985,23923,42181.4,hold,无信号
20241025,600519.SH,1558.85,100000.0,0,0.0,100000.0,1550.07,1548.3585,29.5447,27745,34006.6,hold,无信号
20241028,600519.SH,1565.0,100000.0,0,0.0,100000.0,1557.31,1563.5315,32.1871,39121,33429.2,hold,无信号
20241029,600519.SH,1531.62,100000.0,0,0.0,100000.0,1555.034,1571.4825,40.8991,41166,34408.6,hold,无信号
20241030,600519.SH,1532.0,100000.0,0,0.0,100000.0,1547.934,1578.1325,32.2695,32006,32792.2,hold,无信号
20241031,600519.SH,1527.79,100000.0,0,0.0,100000.0,1543.052,1578.072,35.9001,29957,33999.0,hold,无信号
20241101,600519.SH,1533.75,100000.0,0,0.0,100000.0,1538.032,1573.2995,37.6698,32284,34906.8,hold,无信号
20241104,600519.SH,1548.2,100000.0,0,0.0,100000.0,1534.672,1563.3095,48.7573,29093,32901.2,hold,无信号
20241105,600519.SH,1576.99,100000.0,0,0.0,100000.0,1543.746,1556.009,61.3299,45640,33796.0,hold,无信号
20241106,600519.SH,1571.0,100000.0,0,0.0,100000.0,1551.546,1554.8015,67.478,37631,34921.0,hold,无信号
20241107,600519.SH,1649.14,100000.0,0,0.0,100000.0,1575.816,1555.2585,71.6021,74739,43877.4,hold,现金不足以买入一手
20241108,600519.SH,1609.97,100000.0,0,0.0,100000.0,1591.06,1555.5075,64.6374,60771,49574.8,hold,现金不足以买入一手
20241111,600519.SH,1598.01,100000.0,0,0.0,100000.0,1601.022,1555.3085,60.0007,43854,52527.0,hold,无信号
20241112,600519.SH,1577.2,100000.0,0,0.0,100000.0,1601.064,1556.456,51.7874,49223,53243.6,hold,无信号
20241113,600519.SH,1578.5,100000.0,0,0.0,100000.0,1602.564,1559.256,55.11,29125,51542.4,hold,无信号
20241114,600519.SH,1573.8,100000.0,0,0.0,100000.0,1587.496,1563.216,52.9269,29248,42444.2,hold,无信号
20241115,600519.SH,1559.0,100000.0,0,0.0,100000.0,1577.302,1564.116,48.8638,33761,37042.2,hold,无信号
20241118,600519.SH,1559.0,100000.0,0,0.0,100000.0,1569.5,1565.626,55.9351,27092,33689.8,hold,无信号
20241119,600519.SH,1541.92,100000.0,0,0.0,100000.0,1562.444,1565.572,52.0052,33266,30498.4,hold,无信号
20241120,600519.SH,1544.81,100000.0,0,0.0,100000.0,1555.706,1564.4375,53.4588,21345,28942.4,hold,无信号
20241121,600519.SH,1545.13,100000.0,0,0.0,100000.0,1549.972,1564.084,52.3669,18262,26745.2,hold,无信号
20241122,600519.SH,1507.82,100000.0,0,0.0,100000.0,1539.736,1561.5325,42.3308,33436,26680.2,hold,无信号
20241125,600519.SH,1498.57,100000.0,0,0.0,100000.0,1527.65,1558.211,33.9119,33186,27899.0,hold,无信号
20241126,600519.SH,1509.0,100000.0,0,0.0,100000.0,1521.066,1557.08,37.5081,25745,26394.8,hold,无信号
20241127,600519.SH,1519.05,100000.0,0,0.0,100000.0,1515.914,1556.4325,13.8779,25934,27312.6,hold,无信号
20241128,600519.SH,1518.0,100000.0,0,0.0,100000.0,1510.488,1555.943,17.6048,23952,28450.6,hold,无信号
20241129,600519.SH,1525.74,100000.0,0,0.0,100000.0,1514.072,1555.5425,23.7639,36088,28981.0,hold,无信号
20241202,600519.SH,1525.0,100000.0,0,0.0,100000.0,1519.358,1554.3825,27.8174,26820,27707.8,hold,无信号
20241203,600519.SH,1526.74,100000.0,0,0.0,100000.0,1522.906,1551.87,28.0864,24807,27520.2,hold,无信号
20241204,600519.SH,1520.0,100000.0,0,0.0,100000.0,1523.096,1549.32,27.6095,23924,27118.2,hold,无信号
20241205,600519.SH,1511.0,100000.0,0,0.0,100000.0,1521.696,1542.413,29.01,16141,25556.0,hold,无信号
20241206,600519.SH,1521.01,100000.0,0,0.0,100000.0,1520.75,1537.965,34.7246,32040,24746.4,hold,无信号
20241209,600519.SH,1518.8,100000.0,0,0.0,100000.0,1519.51,1534.0045,39.441,19800,23342.4,hold,无信号
20241210,600519.SH,1546.59,100000.0,0,0.0,100000.0,1523.48,1532.474,50.6623,60312,30443.4,hold,无信号
20241211,600519.SH,1535.6,100000.0,0,0.0,100000.0,1526.6,1530.329,46.7149,29671,31592.8,hold,无信号
20241212,600519.SH,1565.8,100000.0,0,0.0,100000.0,1537.56,1529.929,71.0164,41937,36752.0,hold,现金不足以买入一手
20241213,600519.SH,1519.0,100000.0,0,0.0,100000.0,1537.158,1527.929,55.8208,49512,40246.4,hold,无信号
20241216,600519.SH,1527.2,100000.0,0,0.0,100000.0,1538.838,1526.339,55.2522,32537,42793.8,hold,无信号
20241217,600519.SH,1558.0,100000.0,0,0.0,100000.0,1541.12,1527.143,60.0381,54172,41565.8,hold,现金不足以买入一手
20241218,600519.SH,1571.5,100000.0,0,0.0,100000.0,1548.3,1528.4775,62.9565,41162,43864.0,hold,无信号
20241219,600519.SH,1551.01,100000.0,0,0.0,100000.0,1545.342,1528.7715,55.7639,24809,40438.4,hold,无信号
20241220,600519.SH,1522.0,100000.0,0,0.0,100000.0,1545.942,1529.4805,49.3939,28158,36167.6,hold,无信号
20241223,600519.SH,1526.45,100000.0,0,0.0,100000.0,1545.792,1530.8745,49.942,21603,33980.8,hold,无信号
20241224,600519.SH,1538.82,100000.0,0,0.0,100000.0,1541.956,1532.3655,53.6784,22105,27567.4,hold,无信号
20241225,600519.SH,1530.0,100000.0,0,0.0,100000.0,1533.656,1532.913,53.7162,17123,22759.6,hold,无信号
20241226,600519.SH,1527.79,100000.0,0,0.0,100000.0,1529.012,1533.4025,51.3678,18287,21455.2,hold,无信号
20241227,600519.SH,1528.97,100000.0,0,0.0,100000.0,1530.406,1533.564,52.0603,20759,19975.4,hold,无信号
20241230,600519.SH,1525.0,100000.0,0,0.0,100000.0,1530.116,1533.564,45.159,25130,20680.8,hold,无信号
20241231,600519.SH,1524.0,100000.0,0,0.0,100000.0,1527.152,1533.427,47.277,39354,24130.6,hold,无信号
20250102,600519.SH,1488.0,100000.0,0,0.0,100000.0,1518.752,1531.827,32.2212,50029,30711.8,hold,无信号
20250103,600519.SH,1475.0,100000.0,0,0.0,100000.0,1508.194,1530.027,38.1081,32628,33580.0,hold,无信号
20250106,600519.SH,1440.0,100000.0,0,0.0,100000.0,1490.4,1525.9765,29.4145,44255,38279.2,hold,无信号
20250107,600519.SH,1440.2,100000.0,0,0.0,100000.0,1473.44,1522.0465,17.4945,24221,38097.4,hold,无信号
20250108,600519.SH,1442.5,100000.0,0,0.0,100000.0,1457.14,1516.842,12.0588,35258,37278.2,hold,无信号
20250109,600519.SH,1444.0,100000.0,0,0.0,100000.0,1448.34,1512.262,14.5686,29706,33213.6,hold,无信号
20250110,600519.SH,1436.0,100000.0,0,0.0,100000.0,1440.54,1505.772,16.9231,21872,31062.4,hold,无信号
20250113,600519.SH,1443.98,100000.0,0,0.0,100000.0,1441.336,1502.021,19.1193,21083,26428.0,hold,无信号
20250114,600519.SH,1472.5,100000.0,0,0.0,100000.0,1447.796,1499.286,27.8461,30957,27775.2,hold,无信号
20250115,600519.SH,1471.27,100000.0,0,0.0,100000.0,1453.55,1494.9495,29.3335,18399,24403.4,hold,无信号
20250116,600519.SH,1446.38,100000.0,0,0.0,100000.0,1454.026,1488.6935,25.2959,26342,23730.6,hold,无信号
20250117,600519.SH,1454.75,100000.0,0,0.0,100000.0,1457.776,1483.8805,28.4194,18309,23018.0,hold,无信号
20250120,600519.SH,1474.8,100000.0,0,0.0,100000.0,1463.94,1481.5205,36.6518,31410,25083.4,hold,无信号
20250121,600519.SH,1468.15,100000.0,0,0.0,100000.0,1463.07,1478.6055,35.5826,16856,22263.2,hold,无信号
20250122,600519.SH,1441.0,100000.0,0,0.0,100000.0,1457.016,1473.7145,37.2863,28294,24242.2,hold,无信号
20250123,600519.SH,1443.0,100000.0,0,0.0,100000.0,1456.34,1469.3645,40.7961,27125,24398.8,hold,无信号
20250124,600519.SH,1436.0,100000.0,0,0.0,100000.0,1452.59,1464.775,48.6286,31360,27009.0,hold,无信号
20250127,600519.SH,1434.99,100000.0,0,0.0,100000.0,1444.628,1460.076,48.2237,29356,26598.2,hold,无信号
20250205,600519.SH,1403.8,100000.0,0,0.0,100000.0,1431.758,1454.016,38.9769,40757,31378.4,hold,无信号
20250206,600519.SH,1412.84,100000.0,0,0.0,100000.0,1426.126,1448.458,41.4901,27356,31190.8,hold,无信号
20250207,600519.SH,1436.0,100000.0,0,0.0,100000.0,1424.726,1445.858,50.0,37242,33214.2,hold,无信号
20250210,600519.SH,1431.51,100000.0,0,0.0,100000.0,1423.828,1443.6835,46.7985,20840,31110.2,hold,无信号
20250211,600519.SH,1418.0,100000.0,0,0.0,100000.0,1420.43,1442.5835,34.8392,23573,29953.6,hold,无信号
20250212,600519.SH,1443.0,100000.0,0,0.0,100000.0,1428.27,1442.7235,43.0544,25476,26897.4,hold,无信号
20250213,600519.SH,1465.06,100000.0,0,0.0,100000.0,1438.714,1443.8515,54.6542,43385,30103.2,hold,无信号
20250214,600519.SH,1475.0,100000.0,0,0.0,100000.0,1446.514,1445.4015,55.0062,27100,28074.8,hold,无信号
20250217,600519.SH,1471.62,100000.0,0,0.0,100000.0,1454.536,1447.1825,49.1432,32471,30401.0,hold,无信号
20250218,600519.SH,1475.0,100000.0,0,0.0,100000.0,1465.936,1448.7335,51.8787,27800,31246.4,hold,无信号
20250219,600519.SH,1491.0,100000.0,0,0.0,100000.0,1475.536,1449.6585,64.6062,32393,32629.8,hold,无信号
20250220,600519.SH,1474.0,100000.0,0,0.0,100000.0,1477.324,1449.795,58.3262,23750,28702.8,hold,无信号
20250221,600519.SH,1488.21,100000.0,0,0.0,100000.0,1479.966,1451.8865,63.5,36418,30566.4,hold,现金不足以买入一手
20250224,600519.SH,1479.07,100000.0,0,0.0,100000.0,1481.456,1453.1025,60.938,34744,31021.0,hold,无信号
20250225,600519.SH,1454.0,100000.0,0,0.0,100000.0,1477.256,1452.0625,62.8468,28387,31138.4,hold,无信号
20250226,600519.SH,1460.01,100000.0,0,0.0,100000.0,1471.058,1451.6555,62.2615,26366,29933.0,hold,无信号
20250227,600519.SH,1485.56,100000.0,0,0.0,100000.0,1473.37,1453.8835,62.7247,49762,35135.4,hold,现金不足以买入一手
20250228,600519.SH,1500.79,100000.0,0,0.0,100000.0,1475.886,1456.773,66.8581,56129,39077.6,hold,现金不足以买入一手
20250303,600519.SH,1487.02,100000.0,0,0.0,100000.0,1477.476,1459.324,66.7736,31596,38448.0,hold,无信号
20250304,600519.SH,1470.11,100000.0,0,0.0,100000.0,1480.698,1461.08,56.8581,25211,37812.8,hold,无信号
20250305,600519.SH,1466.37,100000.0,0,0.0,100000.0,1481.97,1464.2085,50.3652,24605,37460.6,hold,无信号
20250306,600519.SH,1505.98,100000.0,0,0.0,100000.0,1486.054,1468.8655,57.4115,42168,35941.8,hold,现金不足以买入一手
20250307,600519.SH,1521.0,100000.0,0,0.0,100000.0,1490.096,1473.1155,61.1902,37991,32314.2,hold,现金不足以买入一手
20250310,600519.SH,1522.9,100000.0,0,0.0,100000.0,1497.272,1477.685,60.9281,31369,32268.8,hold,无信号
20250311,600519.SH,1548.68,100000.0,0,0.0,100000.0,1512.986,1484.219,62.5972,39776,35181.8,hold,现金不足以买入一手
20250312,600519.SH,1542.58,100000.0,0,0.0,100000.0,1528.228,1489.198,65.7265,29604,36181.6,hold,无信号
20250313,600519.SH,1537.77,100000.0,0,0.0,100000.0,1534.586,1492.8335,61.8769,25724,32892.8,hold,无信号
20250314,600519.SH,1628.01,100000.0,0,0.0,100000.0,1555.988,1500.484,75.7024,92913,43877.2,hold,现金不足以买入一手
20250317,600519.SH,1637.86,100000.0,0,0.0,100000.0,1578.98,1508.796,83.4875,54689,48541.2,hold,现金不足以买入一手
20250318,600519.SH,1624.0,100000.0,0,0.0,100000.0,1594.044,1516.246,79.0381,31613,46908.6,hold,无信号
20250319,600519.SH,1635.71,100000.0,0,0.0,100000.0,1612.67,1523.4815,77.9578,27390,46465.8,hold,无信号
20250320,600519.SH,1604.0,100000.0,0,0.0,100000.0,1625.916,1529.9815,68.1064,36737,48668.4,hold,无信号
20250321,600519.SH,1573.75,100000.0,0,0.0,100000.0,1615.064,1534.2585,64.3836,33614,36808.6,hold,无信号
20250324,600519.SH,1583.0,100000.0,0,0.0,100000.0,1604.092,1539.455,69.2101,25566,30984.0,hold,无信号
20250325,600519.SH,1575.5,100000.0,0,0.0,100000.0,1594.392,1545.53,68.3356,17674,28196.2,hold,无信号
20250326,600519.SH,1576.0,100000.0,0,0.0,100000.0,1582.45,1551.3295,63.5446,14324,25583.0,hold,无信号
20250327,600519.SH,1589.0,100000.0,0,0.0,100000.0,1579.45,1556.5015,63.2574,17956,21826.8,hold,无信号
20250328,600519.SH,1585.21,100000.0,0,0.0,100000.0,1581.742,1560.7225,62.0592,16228,18349.6,hold,无信号
20250331,600519.SH,1561.0,100000.0,0,0.0,100000.0,1577.342,1564.4215,52.3989,21085,17453.4,hold,无信号
20250401,600519.SH,1556.02,100000.0,0,0.0,100000.0,1573.446,1568.717,52.6285,18556,17629.8,hold,无信号
20250402,600519.SH,1549.02,100000.0,0,0.0,100000.0,1568.05,1572.8495,52.1815,21674,19099.8,hold,无信号
20250403,600519.SH,1568.88,100000.0,0,0.0,100000.0,1564.026,1575.9945,34.2295,35481,22604.8,hold,无信号
20250407,600519.SH,1500.0,100000.0,0,0.0,100000.0,1546.984,1574.9445,22.0365,101953,39749.8,hold,无信号
20250408,600519.SH,1545.0,100000.0,0,0.0,100000.0,1543.784,1576.0495,35.7729,73876,50308.0,hold,无信号
20250409,600519.SH,1541.04,100000.0,0,0.0,100000.0,1540.788,1575.6675,32.4614,55630,57722.8,hold,无信号
20250410,600519.SH,1549.0,100000.0,0,0.0,100000.0,1540.784,1575.9885,38.8275,38620,61112.0,hold,无信号
20250411,600519.SH,1568.98,100000.0,0,0.0,100000.0,1540.804,1577.549,48.9888,32634,60542.6,hold,无信号
20250414,600519.SH,1551.99,100000.0,0,0.0,100000.0,1551.202,1573.748,43.6353,21711,44494.2,hold,无信号
20250415,600519.SH,1558.0,100000.0,0,0.0,100000.0,1553.802,1569.755,46.3861,21489,34016.8,hold,无信号
20250416,600519.SH,1559.17,100000.0,0,0.0,100000.0,1557.428,1566.5135,46.534,31156,29122.0,hold,无信号
20250417,600519.SH,1570.0,100000.0,0,0.0,100000.0,1561.628,1563.228,46.0519,23846,26167.2,hold,无信号
20250418,600519.SH,1565.94,100000.0,0,0.0,100000.0,1561.02,1561.325,46.0002,20298,23700.0,hold,无信号
20250421,600519.SH,1551.0,100000.0,0,0.0,100000.0,1560.822,1560.1875,47.8413,18057,22969.2,hold,无信号
20250422,600519.SH,1548.8,100000.0,0,0.0,100000.0,1558.982,1558.4775,48.4225,18432,22357.8,hold,无信号
20250423,600519.SH,1552.0,100000.0,0,0.0,100000.0,1557.548,1557.3025,50.6621,18669,19860.4,hold,无信号
20250424,600519.SH,1552.25,100000.0,0,0.0,100000.0,1553.998,1556.115,45.9524,14872,18065.6,hold,无信号
20250425,600519.SH,1550.0,100000.0,0,0.0,100000.0,1550.81,1554.165,68.0115,14765,16959.0,hold,无信号
20250428,600519.SH,1550.0,100000.0,0,0.0,100000.0,1550.61,1552.4045,52.6652,14660,16279.6,hold,无信号
20250429,600519.SH,1544.0,100000.0,0,0.0,100000.0,1549.65,1551.5545,51.5442,18922,16377.6,hold,无信号
20250430,600519.SH,1547.0,100000.0,0,0.0,100000.0,1548.65,1551.1035,48.8996,25754,17794.6,hold,无信号
20250506,600519.SH,1550.2,100000.0,0,0.0,100000.0,1548.24,1551.1625,37.3279,18300,18480.2,hold,无信号
20250507,600519.SH,1555.0,100000.0,0,0.0,100000.0,1549.24,1550.4685,52.4309,27462,21019.6,hold,无信号
20250508,600519.SH,1578.19,100000.0,0,0.0,100000.0,1554.878,1554.378,62.7639,33481,24783.8,hold,现金不足以买入一手
20250509,600519.SH,1591.18,100000.0,0,0.0,100000.0,1564.314,1556.687,67.6053,23672,25733.8,hold,无信号
20250512,600519.SH,1604.5,100000.0,0,0.0,100000.0,1575.814,1559.86,68.469,24735,25530.0,hold,无信号
20250513,600519.SH,1590.3,100000.0,0,0.0,100000.0,1583.834,1561.925,61.7636,21258,26121.6,hold,无信号
20250514,600519.SH,1634.99,100000.0,0,0.0,100000.0,1599.832,1565.2255,81.5065,39460,28521.2,hold,现金不足以买入一手
20250515,600519.SH,1632.01,100000.0,0,0.0,100000.0,1610.596,1569.2265,81.0323,24733,26771.6,hold,无信号
20250516,600519.SH,1614.13,100000.0,0,0.0,100000.0,1615.186,1572.033,70.884,22935,26624.2,hold,无信号
20250519,600519.SH,1578.98,100000.0,0,0.0,100000.0,1610.082,1573.0235,57.2774,38063,29289.8,hold,无信号
20250520,600519.SH,1586.0,100000.0,0,0.0,100000.0,1609.222,1573.8235,59.5531,19522,28942.6,hold,无信号
20250521,600519.SH,1580.97,100000.0,0,0.0,100000.0,1598.418,1574.575,58.0047,19795,25009.6,hold,无信号
20250522,600519.SH,1580.0,100000.0,0,0.0,100000.0,1588.016,1576.025,59.5531,15090,23081.0,hold,无信号
20250523,600519.SH,1572.6,100000.0,0,0.0,100000.0,1579.71,1577.215,56.6383,21537,22801.4,hold,无信号
20250526,600519.SH,1550.5,100000.0,0,0.0,100000.0,1574.014,1577.14,50.0708,27087,20606.2,hold,无信号
20250527,600519.SH,1543.9,100000.0,0,0.0,100000.0,1565.594,1576.7225,47.4007,17752,20252.2,hold,无信号
20250528,600519.SH,1537.0,100000.0,0,0.0,100000.0,1556.8,1576.0725,39.5579,16266,19546.4,hold,无信号
20250529,600519.SH,1540.0,100000.0,0,0.0,100000.0,1548.8,1575.5725,36.333,21860,20900.4,hold,无信号
20250530,600519.SH,1522.0,100000.0,0,0.0,100000.0,1538.68,1574.4725,28.5067,31239,22840.8,hold,无信号
20250603,600519.SH,1509.0,100000.0,0,0.0,100000.0,1530.38,1572.5725,28.686,28979,23219.2,hold,无信号
20250604,600519.SH,1509.96,100000.0,0,0.0,100000.0,1523.592,1570.5605,7.4699,23008,24270.4,hold,无信号
20250605,600519.SH,1514.0,100000.0,0,0.0,100000.0,1518.992,1568.5105,10.1452,23214,25660.0,hold,无信号
20250606,600519.SH,1506.39,100000.0,0,0.0,100000.0,1512.27,1564.9205,10.9014,25023,26292.6,hold,无信号
20250609,600519.SH,1486.11,100000.0,0,0.0,100000.0,1505.092,1559.667,12.2203,44959,29036.6,hold,无信号
20250610,600519.SH,1475.01,100000.0,0,0.0,100000.0,1498.294,1553.1925,6.2997,30492,29339.2,hold,无信号
20250611,600519.SH,1480.0,100000.0,0,0.0,100000.0,1492.302,1547.6775,10.2324,30893,30916.2,hold,无信号
20250612,600519.SH,1459.0,100000.0,0,0.0,100000.0,1481.302,1538.878,8.8379,49904,36254.2,hold,无信号
20250613,600519.SH,1426.95,100000.0,0,0.0,100000.0,1465.414,1528.625,7.5686,59113,43072.2,hold,无信号
20250616,600519.SH,1422.29,100000.0,0,0.0,100000.0,1452.65,1519.033,8.4247,42888,42658.0,hold,无信号
20250617,600519.SH,1427.0,100000.0,0,0.0,100000.0,1443.048,1511.434,11.6218,27232,42006.0,hold,无信号
20250618,600519.SH,1425.0,100000.0,0,0.0,100000.0,1432.048,1503.384,12.0081,30761,41979.6,hold,无信号
20250619,600519.SH,1426.0,100000.0,0,0.0,100000.0,1425.448,1495.6355,10.7978,24501,36899.0,hold,无信号
20250620,600519.SH,1428.66,100000.0,0,0.0,100000.0,1425.79,1488.0685,14.1166,34816,32039.6,hold,无信号
20250623,600519.SH,1420.0,100000.0,0,0.0,100000.0,1425.332,1480.4385,14.6039,26723,28806.6,hold,无信号
20250624,600519.SH,1437.2,100000.0,0,0.0,100000.0,1427.372,1474.7735,24.3731,36312,30622.6,hold,无信号
20250625,600519.SH,1435.86,100000.0,0,0.0,100000.0,1429.544,1469.3715,21.9446,41050,32680.4,hold,无信号
20250626,600519.SH,1420.0,100000.0,0,0.0,100000.0,1428.344,1463.5215,20.7172,34860,34752.2,hold,无信号
20250627,600519.SH,1403.09,100000.0,0,0.0,100000.0,1423.23,1456.676,21.2016,38250,35439.0,hold,无信号
20250630,600519.SH,1409.52,100000.0,0,0.0,100000.0,1421.134,1451.052,26.5218,30457,36185.8,hold,无信号
20250701,600519.SH,1405.1,100000.0,0,0.0,100000.0,1414.714,1445.857,23.0382,19878,32899.0,hold,无信号
20250702,600519.SH,1409.6,100000.0,0,0.0,100000.0,1409.462,1440.839,29.8203,26218,29932.6,hold,无信号
20250703,600519.SH,1415.6,100000.0,0,0.0,100000.0,1408.582,1435.919,44.11,24413,27843.2,hold,无信号
20250704,600519.SH,1422.22,100000.0,0,0.0,100000.0,1412.408,1431.7105,49.9644,28767,25946.6,hold,无信号
20250707,600519.SH,1410.7,100000.0,0,0.0,100000.0,1412.644,1427.94,42.247,23855,24626.2,hold,无信号
20250708,600519.SH,1416.11,100000.0,0,0.0,100000.0,1414.846,1424.995,45.9044,18674,24385.4,hold,无信号
20250709,600519.SH,1418.88,100000.0,0,0.0,100000.0,1416.702,1421.939,46.7724,27745,24690.8,hold,无信号
20250710,600519.SH,1426.5,100000.0,0,0.0,100000.0,1418.882,1420.314,49.063,38725,27553.2,hold,无信号
20250711,600519.SH,1427.0,100000.0,0,0.0,100000.0,1419.838,1420.3165,53.268,57243,33248.4,hold,无信号
20250714,600519.SH,1423.6,100000.0,0,0.0,100000.0,1422.418,1420.382,42.7117,27781,34033.6,hold,无信号
20250715,600519.SH,1411.0,100000.0,0,0.0,100000.0,1421.396,1419.582,38.1121,35406,37380.0,hold,无信号
20250716,600519.SH,1411.03,100000.0,0,0.0,100000.0,1419.826,1418.8835,44.9453,21286,36088.2,hold,无信号
20250717,600519.SH,1416.35,100000.0,0,0.0,100000.0,1417.796,1418.401,58.5948,23106,32964.4,hold,无信号
20250718,600519.SH,1437.0,100000.0,0,0.0,100000.0,1419.796,1418.818,65.0394,41823,29880.4,hold,现金不足以买入一手
20250721,600519.SH,1443.0,100000.0,0,0.0,100000.0,1423.676,1419.968,70.3895,26203,29564.8,hold,无信号
20250722,600519.SH,1464.98,100000.0,0,0.0,100000.0,1434.472,1421.357,75.077,42119,30907.4,hold,现金不足以买入一手
20250723,600519.SH,1475.5,100000.0,0,0.0,100000.0,1447.366,1423.339,76.0571,45045,35659.2,hold,现金不足以买入一手
20250724,600519.SH,1491.5,100000.0,0,0.0,100000.0,1462.396,1426.914,77.8636,38804,38798.8,hold,现金不足以买入一手
20250725,600519.SH,1455.0,100000.0,0,0.0,100000.0,1465.996,1429.5095,64.8359,41911,38816.4,hold,无信号
20250728,600519.SH,1438.66,100000.0,0,0.0,100000.0,1465.128,1430.9665,57.0368,38586,41293.0,hold,无信号
20250729,600519.SH,1439.0,100000.0,0,0.0,100000.0,1459.932,1432.6615,56.3752,26304,38130.0,hold,无信号
20250730,600519.SH,1449.44,100000.0,0,0.0,100000.0,1454.72,1434.6535,57.1411,31868,35494.6,hold,无信号
20250731,600519.SH,1421.67,100000.0,0,0.0,100000.0,1440.754,1434.957,48.5816,51798,38093.4,hold,无信号
20250801,600519.SH,1417.0,100000.0,0,0.0,100000.0,1433.154,1434.696,48.2554,29636,35638.4,hold,无信号
20250804,600519.SH,1419.0,100000.0,0,0.0,100000.0,1429.222,1435.111,52.2401,18688,31658.8,hold,无信号
20250805,600519.SH,1427.74,100000.0,0,0.0,100000.0,1426.97,1435.6925,54.4615,25342,31466.4,hold,无信号
20250806,600519.SH,1423.88,100000.0,0,0.0,100000.0,1421.858,1435.9425,52.0263,23699,29832.6,hold,无信号
20250807,600519.SH,1422.35,100000.0,0,0.0,100000.0,1421.994,1435.735,45.6056,28001,25073.2,hold,无信号
20250808,600519.SH,1420.97,100000.0,0,0.0,100000.0,1422.788,1435.4335,43.2036,18655,22877.0,hold,无信号
20250811,600519.SH,1445.0,100000.0,0,0.0,100000.0,1427.988,1436.5035,43.913,47159,28571.2,hold,无信号
20250812,600519.SH,1437.04,100000.0,0,0.0,100000.0,1429.848,1437.8055,38.0973,42019,31906.6,hold,无信号
20250813,600519.SH,1420.05,100000.0,0,0.0,100000.0,1429.082,1438.2565,28.0221,65528,40272.4,hold,无信号
20250814,600519.SH,1426.99,100000.0,0,0.0,100000.0,1430.01,1438.7885,39.4691,48129,44298.0,hold,无信号
20250815,600519.SH,1422.08,100000.0,0,0.0,100000.0,1430.232,1438.0425,43.1803,47582,50083.4,hold,无信号
20250818,600519.SH,1428.5,100000.0,0,0.0,100000.0,1426.932,1437.3175,45.8869,47378,50127.2,hold,无信号
20250819,600519.SH,1438.0,100000.0,0,0.0,100000.0,1427.124,1435.9685,45.4854,46372,50997.8,hold,无信号
20250820,600519.SH,1450.0,100000.0,0,0.0,100000.0,1433.114,1434.6935,62.7693,45805,47053.2,hold,无信号
20250821,600519.SH,1448.25,100000.0,0,0.0,100000.0,1437.366,1432.531,64.4663,30891,43605.6,hold,无信号
20250822,600519.SH,1463.95,100000.0,0,0.0,100000.0,1445.74,1432.9785,68.466,44971,43083.4,hold,现金不足以买入一手
20250825,600519.SH,1490.33,100000.0,0,0.0,100000.0,1458.106,1435.562,72.4578,65325,46672.8,hold,现金不足以买入一手
20250826,600519.SH,1481.61,100000.0,0,0.0,100000.0,1466.828,1437.6925,70.0159,39602,45318.8,hold,无信号
20250827,600519.SH,1448.0,100000.0,0,0.0,100000.0,1466.428,1437.6205,57.2749,56006,47359.0,hold,无信号
20250828,600519.SH,1446.1,100000.0,0,0.0,100000.0,1465.998,1438.842,57.1065,39282,49037.2,hold,无信号
20250829,600519.SH,1480.0,100000.0,0,0.0,100000.0,1469.208,1441.992,59.3743,62256,52494.2,hold,现金不足以买入一手
20250901,600519.SH,1476.1,100000.0,0,0.0,100000.0,1466.362,1444.847,60.6943,45123,48453.8,hold,无信号
20250902,600519.SH,1491.3,100000.0,0,0.0,100000.0,1468.3,1448.025,69.7008,56688,51871.0,hold,现金不足以买入一手
20250903,600519.SH,1480.55,100000.0,0,0.0,100000.0,1474.81,1450.8585,64.5039,45045,49678.8,hold,无信号
20250904,600519.SH,1472.66,100000.0,0,0.0,100000.0,1480.122,1453.374,63.4794,47747,51371.8,hold,无信号
20250905,600519.SH,1483.0,100000.0,0,0.0,100000.0,1480.722,1456.4755,64.2268,37388,46398.2,hold,无信号
20250908,600519.SH,1501.23,100000.0,0,0.0,100000.0,1485.748,1459.287,65.7862,51383,47650.2,hold,现金不足以买入一手
20250909,600519.SH,1505.0,100000.0,0,0.0,100000.0,1488.488,1462.685,64.3199,35743,43461.2,hold,无信号
20250910,600519.SH,1522.01,100000.0,0,0.0,100000.0,1496.78,1467.783,67.7906,49663,44384.8,hold,现金不足以买入一手
20250911,600519.SH,1523.5,100000.0,0,0.0,100000.0,1506.948,1472.6085,65.4203,37239,42283.2,hold,无信号
20250912,600519.SH,1516.0,100000.0,0,0.0,100000.0,1513.548,1477.3045,57.3675,33722,41550.0,hold,无信号
20250915,600519.SH,1515.1,100000.0,0,0.0,100000.0,1516.322,1481.6345,60.0637,25827,36438.8,hold,无信号
20250916,600519.SH,1499.98,100000.0,0,0.0,100000.0,1515.318,1484.7335,67.5727,32718,35833.8,hold,无信号
20250917,600519.SH,1493.0,100000.0,0,0.0,100000.0,1509.516,1486.8835,65.3288,30331,31967.4,hold,无信号
20250918,600519.SH,1467.96,100000.0,0,0.0,100000.0,1498.408,1487.869,45.8229,49721,34463.8,hold,无信号
20250919,600519.SH,1467.97,100000.0,0,0.0,100000.0,1488.802,1488.07,47.1012,32637,34246.8,hold,无信号
20250922,600519.SH,1453.35,100000.0,0,0.0,100000.0,1476.452,1486.221,36.4125,34947,36070.8,hold,无信号
20250923,600519.SH,1447.42,100000.0,0,0.0,100000.0,1465.94,1484.5115,37.7142,38663,37259.8,hold,无信号
20250924,600519.SH,1442.0,100000.0,0,0.0,100000.0,1455.74,1484.2115,38.418,30744,37342.4,hold,无信号
20250925,600519.SH,1439.0,100000.0,0,0.0,100000.0,1449.948,1483.8565,32.4028,33870,34172.2,hold,无信号
20250926,600519.SH,1435.0,100000.0,0,0.0,100000.0,1443.354,1481.6065,20.1101,45121,36669.0,hold,无信号
20250929,600519.SH,1460.86,100000.0,0,0.0,100000.0,1444.856,1480.8445,33.391,53684,40416.4,hold,无信号
20250930,600519.SH,1443.99,100000.0,0,0.0,100000.0,1444.17,1478.479,20.6117,39364,40556.6,hold,无信号
20251009,600519.SH,1436.78,100000.0,0,0.0,100000.0,1443.126,1476.2905,18.6841,54918,45391.4,hold,无信号
20251010,600519.SH,1430.0,100000.0,0,0.0,100000.0,1441.326,1474.1575,18.7818,36001,45817.6,hold,无信号
20251013,600519.SH,1419.2,100000.0,0,0.0,100000.0,1438.166,1470.9675,17.5224,46069,46007.2,hold,无信号
20251014,600519.SH,1451.02,100000.0,0,0.0,100000.0,1436.198,1468.457,35.1041,66672,48604.8,hold,无信号
20251015,600519.SH,1462.0,100000.0,0,0.0,100000.0,1439.8,1466.307,40.7924,42785,49289.0,hold,无信号
20251016,600519.SH,1484.91,100000.0,0,0.0,100000.0,1449.426,1464.452,55.099,45730,47451.4,hold,无信号
20251017,600519.SH,1455.0,100000.0,0,0.0,100000.0,1454.426,1461.027,46.6932,38086,47868.4,hold,无信号
20251020,600519.SH,1457.93,100000.0,0,0.0,100000.0,1462.172,1458.1235,51.2417,25950,43844.6,hold,无信号
20251021,600519.SH,1462.26,100000.0,0,0.0,100000.0,1464.42,1455.4815,54.0586,25443,35598.8,hold,无信号
20251022,600519.SH,1458.7,100000.0,0,0.0,100000.0,1463.76,1453.4175,54.6143,18195,30680.8,hold,无信号
20251023,600519.SH,1467.98,100000.0,0,0.0,100000.0,1460.374,1452.1665,57.7387,29322,27399.2,hold,现金不足以买入一手
20251024,600519.SH,1450.0,100000.0,0,0.0,100000.0,1459.374,1451.2685,53.7273,38226,27427.2,hold,无信号
20251027,600519.SH,1440.41,100000.0,0,0.0,100000.0,1455.87,1449.8905,44.4715,37102,29657.6,hold,无信号
20251028,600519.SH,1445.0,100000.0,0,0.0,100000.0,1452.418,1449.473,50.2925,27124,29993.8,hold,无信号
20251029,600519.SH,1431.9,100000.0,0,0.0,100000.0,1447.058,1448.697,48.6335,33937,33142.2,hold,无信号
20251030,600519.SH,1426.74,100000.0,0,0.0,100000.0,1438.81,1447.934,49.0788,47456,36769.0,hold,无信号
20251031,600519.SH,1430.01,100000.0,0,0.0,100000.0,1434.812,1447.4845,53.1905,35694,36262.6,hold,无信号
20251103,600519.SH,1435.0,100000.0,0,0.0,100000.0,1433.73,1447.4845,44.3821,34548,35751.8,hold,无信号
20251104,600519.SH,1429.0,100000.0,0,0.0,100000.0,1430.53,1445.8915,38.0087,26566,35640.2,hold,无信号
20251105,600519.SH,1420.08,100000.0,0,0.0,100000.0,1428.166,1444.696,23.7764,34475,35747.8,hold,无信号
20251106,600519.SH,1435.13,100000.0,0,0.0,100000.0,1429.844,1444.6135,40.8644,38348,33926.2,hold,无信号
20251107,600519.SH,1433.33,100000.0,0,0.0,100000.0,1430.508,1444.78,38.5709,18861,30559.6,hold,无信号
20251110,600519.SH,1462.3,100000.0,0,0.0,100000.0,1435.968,1446.935,50.0151,49452,33540.4,hold,无信号
20251111,600519.SH,1458.99,100000.0,0,0.0,100000.0,1441.966,1447.3335,50.1098,26692,33565.6,hold,无信号
20251112,600519.SH,1465.15,100000.0,0,0.0,100000.0,1450.98,1447.491,48.9022,32992,33269.0,hold,无信号
20251113,600519.SH,1470.38,100000.0,0,0.0,100000.0,1458.03,1446.7645,58.7739,31179,31835.2,hold,无信号
20251114,600519.SH,1456.6,100000.0,0,0.0,100000.0,1462.684,1446.8445,56.7273,27473,33557.6,hold,无信号
20251117,600519.SH,1471.0,100000.0,0,0.0,100000.0,1464.424,1447.498,59.9892,34462,30559.6,hold,现金不足以买入一手
20251118,600519.SH,1476.0,100000.0,0,0.0,100000.0,1467.826,1448.185,68.0678,34205,32062.2,hold,现金不足以买入一手
20251119,600519.SH,1471.01,100000.0,0,0.0,100000.0,1468.998,1448.8005,68.1628,22045,29872.8,hold,无信号
20251120,600519.SH,1467.11,100000.0,0,0.0,100000.0,1468.344,1448.757,65.1429,24002,28437.4,hold,无信号
20251121,600519.SH,1466.6,100000.0,0,0.0,100000.0,1470.344,1449.587,63.3876,42607,31464.2,hold,无信号
20251124,600519.SH,1452.0,100000.0,0,0.0,100000.0,1466.544,1450.1665,59.0823,33607,31293.2,hold,无信号
20251125,600519.SH,1444.65,100000.0,0,0.0,100000.0,1460.274,1450.149,59.8241,28441,30140.4,hold,无信号
20251126,600519.SH,1449.15,100000.0,0,0.0,100000.0,1455.902,1451.0115,56.1223,20306,29792.6,hold,无信号
20251127,600519.SH,1447.3,100000.0,0,0.0,100000.0,1451.94,1452.0395,56.0978,22287,29449.6,hold,无信号
20251128,600519.SH,1450.5,100000.0,0,0.0,100000.0,1448.72,1453.064,43.3544,23211,25570.4,hold,无信号
20251201,600519.SH,1448.0,100000.0,0,0.0,100000.0,1447.92,1453.714,43.7536,27333,24315.6,hold,无信号
20251202,600519.SH,1436.03,100000.0,0,0.0,100000.0,1446.196,1454.0655,34.4743,25047,23636.8,hold,无信号
20251203,600519.SH,1429.1,100000.0,0,0.0,100000.0,1442.186,1454.5165,28.3829,23573,24290.2,hold,无信号
20251204,600519.SH,1423.98,100000.0,0,0.0,100000.0,1437.522,1453.959,31.214,29075,25647.8,hold,无信号
20251205,600519.SH,1430.01,100000.0,0,0.0,100000.0,1433.424,1453.793,23.8751,25402,26086.0,hold,无信号
20251208,600519.SH,1418.22,100000.0,0,0.0,100000.0,1427.468,1451.589,16.1075,33603,27340.0,hold,无信号
20251209,600519.SH,1401.01,100000.0,0,0.0,100000.0,1420.464,1448.69,14.0878,42634,30857.4,hold,无信号
20251210,600519.SH,1402.8,100000.0,0,0.0,100000.0,1415.204,1445.5725,16.2769,33133,32769.4,hold,无信号
20251211,600519.SH,1411.99,100000.0,0,0.0,100000.0,1412.806,1442.653,23.7528,22385,31431.4,hold,无信号
20251212,600519.SH,1420.65,100000.0,0,0.0,100000.0,1410.934,1440.8555,34.0198,37159,33782.8,hold,无信号
20251215,600519.SH,1426.0,100000.0,0,0.0,100000.0,1412.49,1438.6055,40.2956,33359,33734.0,hold,无信号
20251216,600519.SH,1422.0,100000.0,0,0.0,100000.0,1416.688,1435.9055,35.7987,23964,30000.0,hold,无信号
20251217,600519.SH,1433.1,100000.0,0,0.0,100000.0,1422.748,1434.01,43.2278,31382,29649.8,hold,无信号
20251218,600519.SH,1431.0,100000.0,0,0.0,100000.0,1426.55,1432.2045,40.6015,17830,28738.8,hold,无信号
20251219,600519.SH,1410.0,100000.0,0,0.0,100000.0,1424.42,1429.3745,34.4568,26509,26608.8,hold,无信号
20251222,600519.SH,1408.26,100000.0,0,0.0,100000.0,1420.872,1427.1875,37.6038,20426,24022.2,hold,无信号
20251223,600519.SH,1407.86,100000.0,0,0.0,100000.0,1418.044,1425.348,39.9317,24507,24130.8,hold,无信号
20251224,600519.SH,1400.9,100000.0,0,0.0,100000.0,1411.604,1422.9355,39.2471,25187,22891.8,hold,无信号
20251225,600519.SH,1414.17,100000.0,0,0.0,100000.0,1408.238,1421.279,43.0866,23386,24003.0,hold,无信号
20251226,600519.SH,1414.13,100000.0,0,0.0,100000.0,1409.064,1419.4605,48.0109,17803,22261.8,hold,无信号
20251229,600519.SH,1402.0,100000.0,0,0.0,100000.0,1407.812,1417.1605,50.5065,26308,23438.2,hold,无信号
20251230,600519.SH,1389.72,100000.0,0,0.0,100000.0,1404.184,1414.845,43.9568,33792,25295.2,hold,无信号
20251231,600519.SH,1377.18,100000.0,0,0.0,100000.0,1399.44,1412.249,34.3999,34766,27211.0,hold,无信号
20260105,600519.SH,1426.0,100000.0,0,0.0,100000.0,1401.806,1412.35,51.763,70949,36723.6,hold,无信号
20260106,600519.SH,1428.01,100000.0,0,0.0,100000.0,1404.582,1412.25,50.6773,39586,41080.2,hold,无信号
20260107,600519.SH,1423.36,100000.0,0,0.0,100000.0,1408.854,1412.507,50.4563,29684,41755.4,hold,无信号
20260108,600519.SH,1412.3,100000.0,0,0.0,100000.0,1413.37,1413.0715,43.0201,29135,40824.0,hold,无信号
20260109,600519.SH,1419.1,100000.0,0,0.0,100000.0,1421.754,1413.8865,46.1288,29848,39840.4,hold,无信号
20260112,600519.SH,1423.23,100000.0,0,0.0,100000.0,1421.2,1414.4485,54.8345,36083,32867.2,hold,无信号
20260113,600519.SH,1411.0,100000.0,0,0.0,100000.0,1417.798,1413.966,50.9299,39169,32783.8,hold,无信号
20260114,600519.SH,1398.01,100000.0,0,0.0,100000.0,1412.728,1412.5665,46.9201,51758,37198.6,hold,无信号
20260115,600519.SH,1388.89,100000.0,0,0.0,100000.0,1408.046,1410.911,46.2948,40907,39553.0,hold,无信号
20260116,600519.SH,1382.0,100000.0,0,0.0,100000.0,1400.626,1408.356,39.6686,55121,44607.6,hold,无信号
20260119,600519.SH,1376.0,100000.0,0,0.0,100000.0,1391.18,1405.606,38.206,42286,45848.2,hold,无信号
20260120,600519.SH,1373.55,100000.0,0,0.0,100000.0,1383.69,1403.7835,40.6396,36484,45311.2,hold,无信号
20260121,600519.SH,1351.06,100000.0,0,0.0,100000.0,1374.3,1400.9235,38.0811,64516,47862.8,hold,无信号
20260122,600519.SH,1340.06,100000.0,0,0.0,100000.0,1364.534,1397.5335,38.4462,59011,51483.6,hold,无信号
20260123,600519.SH,1337.0,100000.0,0,0.0,100000.0,1355.534,1394.3385,11.2639,61949,52849.2,hold,无信号
20260126,600519.SH,1342.0,100000.0,0,0.0,100000.0,1348.734,1390.73,13.5149,80166,60425.2,hold,无信号
20260127,600519.SH,1343.01,100000.0,0,0.0,100000.0,1342.626,1387.174,14.8297,48416,62811.6,hold,无信号
20260128,600519.SH,1323.69,100000.0,0,0.0,100000.0,1337.152,1383.2585,13.8297,76218,65152.0,hold,无信号
20260129,600519.SH,1437.72,100000.0,0,0.0,100000.0,1356.684,1385.6585,54.0528,189534,91256.6,hold,无信号
20260130,600519.SH,1401.0,100000.0,0,0.0,100000.0,1369.484,1386.8495,45.7626,94480,97762.8,hold,无信号
20260202,600519.SH,1427.0,100000.0,0,0.0,100000.0,1386.484,1386.8995,52.8977,85724,98874.4,hold,无信号
20260203,600519.SH,1474.92,100000.0,0,0.0,100000.0,1412.866,1389.245,62.3646,86321,106455.4,hold,无信号
20260204,600519.SH,1525.0,100000.0,0,0.0,100000.0,1453.128,1394.327,69.3355,109123,113036.4,hold,无信号
20260205,600519.SH,1555.0,100000.0,0,0.0,100000.0,1476.584,1401.462,73.0617,91623,93454.2,hold,无信号
20260206,600519.SH,1515.01,100000.0,0,0.0,100000.0,1499.386,1406.2575,66.991,78965,90351.2,hold,无信号
20260209,600519.SH,1524.96,100000.0,0,0.0,100000.0,1518.978,1411.344,68.1734,51168,83440.0,hold,无信号
20260210,600519.SH,1504.8,100000.0,0,0.0,100000.0,1524.954,1416.034,68.5569,39576,74091.0,hold,无信号
20260211,600519.SH,1504.33,100000.0,0,0.0,100000.0,1520.82,1421.35,70.345,30928,58452.0,hold,无信号
20260212,600519.SH,1486.6,100000.0,0,0.0,100000.0,1507.14,1426.2355,67.8785,46246,49376.6,hold,无信号
20260213,600519.SH,1485.3,100000.0,0,0.0,100000.0,1501.198,1431.4005,67.2784,41679,41919.4,hold,无信号
20260224,600519.SH,1466.8,100000.0,0,0.0,100000.0,1489.566,1435.9405,64.3219,41913,40068.4,hold,无信号
20260225,600519.SH,1491.66,100000.0,0,0.0,100000.0,1486.938,1441.846,69.1874,36881,39529.4,hold,无信号
20260226,600519.SH,1466.21,100000.0,0,0.0,100000.0,1479.314,1447.6035,54.0801,32958,39935.4,hold,无信号
20260227,600519.SH,1455.02,100000.0,0,0.0,100000.0,1472.998,1453.3515,58.3467,32160,37118.2,hold,无信号
20260302,600519.SH,1440.11,100000.0,0,0.0,100000.0,1463.96,1458.507,52.0975,35454,35873.2,hold,无信号
20260303,600519.SH,1426.19,100000.0,0,0.0,100000.0,1455.838,1462.7165,41.2517,45891,36668.8,hold,无信号
20260304,600519.SH,1401.18,100000.0,0,0.0,100000.0,1437.742,1465.625,25.5721,48014,38895.4,hold,无信号
20260305,600519.SH,1399.04,100000.0,0,0.0,100000.0,1424.308,1469.3925,15.4313,30505,38404.8,hold,无信号
20260306,600519.SH,1402.0,100000.0,0,0.0,100000.0,1413.704,1467.6065,20.0318,29154,37803.6,hold,无信号
20260309,600519.SH,1397.0,100000.0,0,0.0,100000.0,1405.082,1467.4065,15.1525,37442,38201.2,hold,无信号
20260310,600519.SH,1401.88,100000.0,0,0.0,100000.0,1400.22,1466.1505,19.4273,24626,33948.2,hold,无信号
20260311,600519.SH,1400.0,100000.0,0,0.0,100000.0,1399.984,1462.4045,19.2659,24457,29236.8,hold,无信号
20260312,600519.SH,1392.0,100000.0,0,0.0,100000.0,1398.576,1455.7545,20.4375,27586,28653.0,hold,无信号
20260313,600519.SH,1413.64,100000.0,0,0.0,100000.0,1400.904,1448.6865,30.132,33608,29543.8,hold,无信号
20260316,600519.SH,1460.18,100000.0,0,0.0,100000.0,1413.54,1445.945,48.4116,60086,34072.6,hold,无信号
20260317,600519.SH,1485.0,100000.0,0,0.0,100000.0,1430.164,1443.947,48.4017,49454,39038.2,hold,无信号
20260318,600519.SH,1468.8,100000.0,0,0.0,100000.0,1443.924,1442.147,50.6505,35551,41257.0,hold,无信号
20260319,600519.SH,1452.87,100000.0,0,0.0,100000.0,1456.098,1439.574,49.4726,30319,41803.6,hold,无信号
20260320,600519.SH,1445.0,100000.0,0,0.0,100000.0,1462.37,1437.494,51.2424,26132,40308.4,hold,无信号
20260323,600519.SH,1408.07,100000.0,0,0.0,100000.0,1451.948,1433.6325,45.8781,47256,37742.4,hold,无信号
20260324,600519.SH,1407.33,100000.0,0,0.0,100000.0,1436.414,1430.659,51.5726,28562,33564.0,hold,无信号
20260325,600519.SH,1410.27,100000.0,0,0.0,100000.0,1424.708,1426.5895,52.86,26093,31672.4,hold,无信号
20260326,600519.SH,1401.18,100000.0,0,0.0,100000.0,1414.37,1423.338,49.7975,23093,30227.2,hold,无信号
20260327,600519.SH,1416.02,100000.0,0,0.0,100000.0,1408.574,1421.388,54.4795,30087,31018.2,hold,无信号
20260330,600519.SH,1420.0,100000.0,0,0.0,100000.0,1410.96,1420.3825,54.2857,28685,27304.0,hold,无信号
20260331,600519.SH,1450.0,100000.0,0,0.0,100000.0,1419.494,1421.573,60.4375,61691,33929.8,hold,无信号
20260401,600519.SH,1459.44,100000.0,0,0.0,100000.0,1429.328,1424.486,63.994,29125,34536.2,hold,无信号
20260402,600519.SH,1459.88,100000.0,0,0.0,100000.0,1441.068,1427.528,60.5206,21064,34130.4,hold,无信号
20260403,600519.SH,1460.0,100000.0,0,0.0,100000.0,1449.864,1430.428,49.9481,20194,32151.8,hold,无信号
20260407,600519.SH,1440.02,100000.0,0,0.0,100000.0,1453.868,1432.579,36.6528,24152,31245.2,hold,无信号
20260408,600519.SH,1465.02,100000.0,0,0.0,100000.0,1456.872,1435.736,48.934,33836,25674.2,hold,无信号
20260409,600519.SH,1460.49,100000.0,0,0.0,100000.0,1457.082,1438.7605,52.2966,20705,23990.2,hold,无信号
20260410,600519.SH,1453.96,100000.0,0,0.0,100000.0,1455.898,1441.8585,52.7224,28866,25550.6,hold,无信号
20260413,600519.SH,1443.31,100000.0,0,0.0,100000.0,1452.56,1443.342,62.7423,25214,26554.6,hold,无信号
20260414,600519.SH,1437.0,100000.0,0,0.0,100000.0,1451.956,1442.183,60.3128,9786,23681.4,hold,无信号
20260415,600519.SH,1467.5,100000.0,0,0.0,100000.0,1452.452,1441.308,66.6939,34553,23824.8,hold,现金不足以买入一手
20260416,600519.SH,1462.84,100000.0,0,0.0,100000.0,1452.922,1441.01,68.4633,24513,24586.4,hold,无信号
20260417,600519.SH,1407.24,100000.0,0,0.0,100000.0,1443.578,1438.7285,47.8868,96825,38178.2,hold,无信号
20260420,600519.SH,1410.89,100000.0,0,0.0,100000.0,1437.094,1437.023,47.8039,36451,40425.6,hold,无信号
20260421,600519.SH,1412.01,100000.0,0,0.0,100000.0,1432.096,1437.22,39.3603,21754,42819.2,hold,无信号
20260422,600519.SH,1409.5,100000.0,0,0.0,100000.0,1420.496,1437.3285,35.4487,26916,41291.8,hold,无信号
